fold,score,n_sample,source,sub_name,best_params,feature_type,source_data,target_data,special,features T-7,features T-6,features T-5,features T-4,features T-3,features T-2,features T-1
0,0.015063054887577199,119,same,1,"memory:None|steps:[('standardscaler', StandardScaler()), ('randomforestregressor', RandomForestRegressor(max_depth=7, n_estimators=1000, n_jobs=1,
                      random_state=12345))]|verbose:False|standardscaler:StandardScaler()|randomforestregressor:RandomForestRegressor(max_depth=7, n_estimators=1000, n_jobs=1,
                      random_state=12345)|standardscaler__copy:True|standardscaler__with_mean:True|standardscaler__with_std:True|randomforestregressor__bootstrap:True|randomforestregressor__ccp_alpha:0.0|randomforestregressor__criterion:squared_error|randomforestregressor__max_depth:7|randomforestregressor__max_features:auto|randomforestregressor__max_leaf_nodes:None|randomforestregressor__max_samples:None|randomforestregressor__min_impurity_decrease:0.0|randomforestregressor__min_samples_leaf:1|randomforestregressor__min_samples_split:2|randomforestregressor__min_weight_fraction_leaf:0.0|randomforestregressor__n_estimators:1000|randomforestregressor__n_jobs:1|randomforestregressor__oob_score:False|randomforestregressor__random_state:12345|randomforestregressor__verbose:0|randomforestregressor__warm_start:False",RT,Memory,Memory,None,0.0019957441382590256,0.006971917086828183,-0.0008204302567897282,0.002020770570144692,0.004323751600790127,1.858327016164285e-05,0.018329187143512105
1,0.0030838214875549275,119,same,2,"memory:None|steps:[('standardscaler', StandardScaler()), ('randomforestregressor', RandomForestRegressor(max_depth=7, n_estimators=1000, n_jobs=1,
                      random_state=12345))]|verbose:False|standardscaler:StandardScaler()|randomforestregressor:RandomForestRegressor(max_depth=7, n_estimators=1000, n_jobs=1,
                      random_state=12345)|standardscaler__copy:True|standardscaler__with_mean:True|standardscaler__with_std:True|randomforestregressor__bootstrap:True|randomforestregressor__ccp_alpha:0.0|randomforestregressor__criterion:squared_error|randomforestregressor__max_depth:7|randomforestregressor__max_features:auto|randomforestregressor__max_leaf_nodes:None|randomforestregressor__max_samples:None|randomforestregressor__min_impurity_decrease:0.0|randomforestregressor__min_samples_leaf:1|randomforestregressor__min_samples_split:2|randomforestregressor__min_weight_fraction_leaf:0.0|randomforestregressor__n_estimators:1000|randomforestregressor__n_jobs:1|randomforestregressor__oob_score:False|randomforestregressor__random_state:12345|randomforestregressor__verbose:0|randomforestregressor__warm_start:False",RT,Memory,Memory,None,-0.005474805723641318,-0.007369524189348576,-0.010913548871977574,-0.006491722929863797,0.010455661513454206,0.0033288119436639895,0.0010779156374596255
2,-0.008186623737398424,103,same,3,"memory:None|steps:[('standardscaler', StandardScaler()), ('randomforestregressor', RandomForestRegressor(max_depth=7, n_estimators=1000, n_jobs=1,
                      random_state=12345))]|verbose:False|standardscaler:StandardScaler()|randomforestregressor:RandomForestRegressor(max_depth=7, n_estimators=1000, n_jobs=1,
                      random_state=12345)|standardscaler__copy:True|standardscaler__with_mean:True|standardscaler__with_std:True|randomforestregressor__bootstrap:True|randomforestregressor__ccp_alpha:0.0|randomforestregressor__criterion:squared_error|randomforestregressor__max_depth:7|randomforestregressor__max_features:auto|randomforestregressor__max_leaf_nodes:None|randomforestregressor__max_samples:None|randomforestregressor__min_impurity_decrease:0.0|randomforestregressor__min_samples_leaf:1|randomforestregressor__min_samples_split:2|randomforestregressor__min_weight_fraction_leaf:0.0|randomforestregressor__n_estimators:1000|randomforestregressor__n_jobs:1|randomforestregressor__oob_score:False|randomforestregressor__random_state:12345|randomforestregressor__verbose:0|randomforestregressor__warm_start:False",RT,Memory,Memory,None,-0.0048428168859076855,-0.006443337172554764,-0.002710388010036935,-0.0011664513591143732,-0.004937491280321571,-0.009640691087954711,-0.017848994164571464
3,-6.413370592328604e-05,118,same,4,"memory:None|steps:[('standardscaler', StandardScaler()), ('randomforestregressor', RandomForestRegressor(max_depth=7, n_estimators=1000, n_jobs=1,
                      random_state=12345))]|verbose:False|standardscaler:StandardScaler()|randomforestregressor:RandomForestRegressor(max_depth=7, n_estimators=1000, n_jobs=1,
                      random_state=12345)|standardscaler__copy:True|standardscaler__with_mean:True|standardscaler__with_std:True|randomforestregressor__bootstrap:True|randomforestregressor__ccp_alpha:0.0|randomforestregressor__criterion:squared_error|randomforestregressor__max_depth:7|randomforestregressor__max_features:auto|randomforestregressor__max_leaf_nodes:None|randomforestregressor__max_samples:None|randomforestregressor__min_impurity_decrease:0.0|randomforestregressor__min_samples_leaf:1|randomforestregressor__min_samples_split:2|randomforestregressor__min_weight_fraction_leaf:0.0|randomforestregressor__n_estimators:1000|randomforestregressor__n_jobs:1|randomforestregressor__oob_score:False|randomforestregressor__random_state:12345|randomforestregressor__verbose:0|randomforestregressor__warm_start:False",RT,Memory,Memory,None,0.011024730498553703,0.00852573795842757,-0.0023929758987574212,0.009633622011255238,-0.01097548387738756,0.001482687235253155,0.004818750698997088
4,-0.007775544202690776,111,same,5,"memory:None|steps:[('standardscaler', StandardScaler()), ('randomforestregressor', RandomForestRegressor(max_depth=7, n_estimators=1000, n_jobs=1,
                      random_state=12345))]|verbose:False|standardscaler:StandardScaler()|randomforestregressor:RandomForestRegressor(max_depth=7, n_estimators=1000, n_jobs=1,
                      random_state=12345)|standardscaler__copy:True|standardscaler__with_mean:True|standardscaler__with_std:True|randomforestregressor__bootstrap:True|randomforestregressor__ccp_alpha:0.0|randomforestregressor__criterion:squared_error|randomforestregressor__max_depth:7|randomforestregressor__max_features:auto|randomforestregressor__max_leaf_nodes:None|randomforestregressor__max_samples:None|randomforestregressor__min_impurity_decrease:0.0|randomforestregressor__min_samples_leaf:1|randomforestregressor__min_samples_split:2|randomforestregressor__min_weight_fraction_leaf:0.0|randomforestregressor__n_estimators:1000|randomforestregressor__n_jobs:1|randomforestregressor__oob_score:False|randomforestregressor__random_state:12345|randomforestregressor__verbose:0|randomforestregressor__warm_start:False",RT,Memory,Memory,None,-0.005789356120606826,0.00663320454421803,-0.000782562804986453,0.003806276545822085,0.0033918250788885994,-0.0036394115351093604,-0.01028788816838544
5,-0.008938067822428897,110,same,6,"memory:None|steps:[('standardscaler', StandardScaler()), ('randomforestregressor', RandomForestRegressor(max_depth=7, n_estimators=1000, n_jobs=1,
                      random_state=12345))]|verbose:False|standardscaler:StandardScaler()|randomforestregressor:RandomForestRegressor(max_depth=7, n_estimators=1000, n_jobs=1,
                      random_state=12345)|standardscaler__copy:True|standardscaler__with_mean:True|standardscaler__with_std:True|randomforestregressor__bootstrap:True|randomforestregressor__ccp_alpha:0.0|randomforestregressor__criterion:squared_error|randomforestregressor__max_depth:7|randomforestregressor__max_features:auto|randomforestregressor__max_leaf_nodes:None|randomforestregressor__max_samples:None|randomforestregressor__min_impurity_decrease:0.0|randomforestregressor__min_samples_leaf:1|randomforestregressor__min_samples_split:2|randomforestregressor__min_weight_fraction_leaf:0.0|randomforestregressor__n_estimators:1000|randomforestregressor__n_jobs:1|randomforestregressor__oob_score:False|randomforestregressor__random_state:12345|randomforestregressor__verbose:0|randomforestregressor__warm_start:False",RT,Memory,Memory,None,0.00022412308489556666,-0.008735419884046669,-0.0012208581422669784,0.00721533735737907,0.005249898371686523,-0.010669071145875498,-0.0009978048173233667
6,-0.05038529852090656,96,same,7,"memory:None|steps:[('standardscaler', StandardScaler()), ('randomforestregressor', RandomForestRegressor(max_depth=7, n_estimators=1000, n_jobs=1,
                      random_state=12345))]|verbose:False|standardscaler:StandardScaler()|randomforestregressor:RandomForestRegressor(max_depth=7, n_estimators=1000, n_jobs=1,
                      random_state=12345)|standardscaler__copy:True|standardscaler__with_mean:True|standardscaler__with_std:True|randomforestregressor__bootstrap:True|randomforestregressor__ccp_alpha:0.0|randomforestregressor__criterion:squared_error|randomforestregressor__max_depth:7|randomforestregressor__max_features:auto|randomforestregressor__max_leaf_nodes:None|randomforestregressor__max_samples:None|randomforestregressor__min_impurity_decrease:0.0|randomforestregressor__min_samples_leaf:1|randomforestregressor__min_samples_split:2|randomforestregressor__min_weight_fraction_leaf:0.0|randomforestregressor__n_estimators:1000|randomforestregressor__n_jobs:1|randomforestregressor__oob_score:False|randomforestregressor__random_state:12345|randomforestregressor__verbose:0|randomforestregressor__warm_start:False",RT,Memory,Memory,None,0.01904556769455388,-0.003228588460630455,0.022729113024154125,0.0037226018145067206,-0.008661693550050309,0.002540698305090583,-0.017527912510601595
7,0.07282943895458782,119,same,8,"memory:None|steps:[('standardscaler', StandardScaler()), ('randomforestregressor', RandomForestRegressor(max_depth=7, n_estimators=1000, n_jobs=1,
                      random_state=12345))]|verbose:False|standardscaler:StandardScaler()|randomforestregressor:RandomForestRegressor(max_depth=7, n_estimators=1000, n_jobs=1,
                      random_state=12345)|standardscaler__copy:True|standardscaler__with_mean:True|standardscaler__with_std:True|randomforestregressor__bootstrap:True|randomforestregressor__ccp_alpha:0.0|randomforestregressor__criterion:squared_error|randomforestregressor__max_depth:7|randomforestregressor__max_features:auto|randomforestregressor__max_leaf_nodes:None|randomforestregressor__max_samples:None|randomforestregressor__min_impurity_decrease:0.0|randomforestregressor__min_samples_leaf:1|randomforestregressor__min_samples_split:2|randomforestregressor__min_weight_fraction_leaf:0.0|randomforestregressor__n_estimators:1000|randomforestregressor__n_jobs:1|randomforestregressor__oob_score:False|randomforestregressor__random_state:12345|randomforestregressor__verbose:0|randomforestregressor__warm_start:False",RT,Memory,Memory,None,-0.003031387214583847,0.004944956552353363,0.0023535475228274815,0.032984321158092064,0.023147368611437978,0.013052107104308685,0.028483705096622902
8,-0.02427180780065563,111,same,9,"memory:None|steps:[('standardscaler', StandardScaler()), ('randomforestregressor', RandomForestRegressor(max_depth=7, n_estimators=1000, n_jobs=1,
                      random_state=12345))]|verbose:False|standardscaler:StandardScaler()|randomforestregressor:RandomForestRegressor(max_depth=7, n_estimators=1000, n_jobs=1,
                      random_state=12345)|standardscaler__copy:True|standardscaler__with_mean:True|standardscaler__with_std:True|randomforestregressor__bootstrap:True|randomforestregressor__ccp_alpha:0.0|randomforestregressor__criterion:squared_error|randomforestregressor__max_depth:7|randomforestregressor__max_features:auto|randomforestregressor__max_leaf_nodes:None|randomforestregressor__max_samples:None|randomforestregressor__min_impurity_decrease:0.0|randomforestregressor__min_samples_leaf:1|randomforestregressor__min_samples_split:2|randomforestregressor__min_weight_fraction_leaf:0.0|randomforestregressor__n_estimators:1000|randomforestregressor__n_jobs:1|randomforestregressor__oob_score:False|randomforestregressor__random_state:12345|randomforestregressor__verbose:0|randomforestregressor__warm_start:False",RT,Memory,Memory,None,0.0023199637035539846,-0.006197572835302622,-0.0019272581265132426,-0.011151591163285212,0.011828502321941724,0.002015591377688697,-0.004759273848560186
9,-0.006893655743126281,111,same,10,"memory:None|steps:[('standardscaler', StandardScaler()), ('randomforestregressor', RandomForestRegressor(max_depth=7, n_estimators=1000, n_jobs=1,
                      random_state=12345))]|verbose:False|standardscaler:StandardScaler()|randomforestregressor:RandomForestRegressor(max_depth=7, n_estimators=1000, n_jobs=1,
                      random_state=12345)|standardscaler__copy:True|standardscaler__with_mean:True|standardscaler__with_std:True|randomforestregressor__bootstrap:True|randomforestregressor__ccp_alpha:0.0|randomforestregressor__criterion:squared_error|randomforestregressor__max_depth:7|randomforestregressor__max_features:auto|randomforestregressor__max_leaf_nodes:None|randomforestregressor__max_samples:None|randomforestregressor__min_impurity_decrease:0.0|randomforestregressor__min_samples_leaf:1|randomforestregressor__min_samples_split:2|randomforestregressor__min_weight_fraction_leaf:0.0|randomforestregressor__n_estimators:1000|randomforestregressor__n_jobs:1|randomforestregressor__oob_score:False|randomforestregressor__random_state:12345|randomforestregressor__verbose:0|randomforestregressor__warm_start:False",RT,Memory,Memory,None,-0.0015176552531660282,0.005503794432696862,0.002019558786857756,0.010093926880167192,0.0024204024066796005,-0.012186042117541684,-0.0002816655696383563
10,0.00041347307325378946,93,same,11,"memory:None|steps:[('standardscaler', StandardScaler()), ('randomforestregressor', RandomForestRegressor(max_depth=7, n_estimators=1000, n_jobs=1,
                      random_state=12345))]|verbose:False|standardscaler:StandardScaler()|randomforestregressor:RandomForestRegressor(max_depth=7, n_estimators=1000, n_jobs=1,
                      random_state=12345)|standardscaler__copy:True|standardscaler__with_mean:True|standardscaler__with_std:True|randomforestregressor__bootstrap:True|randomforestregressor__ccp_alpha:0.0|randomforestregressor__criterion:squared_error|randomforestregressor__max_depth:7|randomforestregressor__max_features:auto|randomforestregressor__max_leaf_nodes:None|randomforestregressor__max_samples:None|randomforestregressor__min_impurity_decrease:0.0|randomforestregressor__min_samples_leaf:1|randomforestregressor__min_samples_split:2|randomforestregressor__min_weight_fraction_leaf:0.0|randomforestregressor__n_estimators:1000|randomforestregressor__n_jobs:1|randomforestregressor__oob_score:False|randomforestregressor__random_state:12345|randomforestregressor__verbose:0|randomforestregressor__warm_start:False",RT,Memory,Memory,None,0.006751379902926957,0.00096300879986706,0.0031886561710142034,0.009510209709094308,-0.007923705146773452,0.006548555539348766,0.011250946467070056
11,0.010783221698656087,119,same,12,"memory:None|steps:[('standardscaler', StandardScaler()), ('randomforestregressor', RandomForestRegressor(max_depth=7, n_estimators=1000, n_jobs=1,
                      random_state=12345))]|verbose:False|standardscaler:StandardScaler()|randomforestregressor:RandomForestRegressor(max_depth=7, n_estimators=1000, n_jobs=1,
                      random_state=12345)|standardscaler__copy:True|standardscaler__with_mean:True|standardscaler__with_std:True|randomforestregressor__bootstrap:True|randomforestregressor__ccp_alpha:0.0|randomforestregressor__criterion:squared_error|randomforestregressor__max_depth:7|randomforestregressor__max_features:auto|randomforestregressor__max_leaf_nodes:None|randomforestregressor__max_samples:None|randomforestregressor__min_impurity_decrease:0.0|randomforestregressor__min_samples_leaf:1|randomforestregressor__min_samples_split:2|randomforestregressor__min_weight_fraction_leaf:0.0|randomforestregressor__n_estimators:1000|randomforestregressor__n_jobs:1|randomforestregressor__oob_score:False|randomforestregressor__random_state:12345|randomforestregressor__verbose:0|randomforestregressor__warm_start:False",RT,Memory,Memory,None,-0.00837516792608095,0.0028426456189052816,-0.0038517673053446665,0.007559933456973966,0.0035944514879808986,0.006790680019951689,0.008031676477560801
12,0.0011820863269947912,111,same,13,"memory:None|steps:[('standardscaler', StandardScaler()), ('randomforestregressor', RandomForestRegressor(max_depth=7, n_estimators=1000, n_jobs=1,
                      random_state=12345))]|verbose:False|standardscaler:StandardScaler()|randomforestregressor:RandomForestRegressor(max_depth=7, n_estimators=1000, n_jobs=1,
                      random_state=12345)|standardscaler__copy:True|standardscaler__with_mean:True|standardscaler__with_std:True|randomforestregressor__bootstrap:True|randomforestregressor__ccp_alpha:0.0|randomforestregressor__criterion:squared_error|randomforestregressor__max_depth:7|randomforestregressor__max_features:auto|randomforestregressor__max_leaf_nodes:None|randomforestregressor__max_samples:None|randomforestregressor__min_impurity_decrease:0.0|randomforestregressor__min_samples_leaf:1|randomforestregressor__min_samples_split:2|randomforestregressor__min_weight_fraction_leaf:0.0|randomforestregressor__n_estimators:1000|randomforestregressor__n_jobs:1|randomforestregressor__oob_score:False|randomforestregressor__random_state:12345|randomforestregressor__verbose:0|randomforestregressor__warm_start:False",RT,Memory,Memory,None,-0.0022779983189475496,0.0001399303299137289,7.169457997937556e-05,-0.010443027877066946,0.00808483563169824,0.00831416846849622,0.007641590203485782
13,0.01760053966294317,112,same,14,"memory:None|steps:[('standardscaler', StandardScaler()), ('randomforestregressor', RandomForestRegressor(max_depth=7, n_estimators=1000, n_jobs=1,
                      random_state=12345))]|verbose:False|standardscaler:StandardScaler()|randomforestregressor:RandomForestRegressor(max_depth=7, n_estimators=1000, n_jobs=1,
                      random_state=12345)|standardscaler__copy:True|standardscaler__with_mean:True|standardscaler__with_std:True|randomforestregressor__bootstrap:True|randomforestregressor__ccp_alpha:0.0|randomforestregressor__criterion:squared_error|randomforestregressor__max_depth:7|randomforestregressor__max_features:auto|randomforestregressor__max_leaf_nodes:None|randomforestregressor__max_samples:None|randomforestregressor__min_impurity_decrease:0.0|randomforestregressor__min_samples_leaf:1|randomforestregressor__min_samples_split:2|randomforestregressor__min_weight_fraction_leaf:0.0|randomforestregressor__n_estimators:1000|randomforestregressor__n_jobs:1|randomforestregressor__oob_score:False|randomforestregressor__random_state:12345|randomforestregressor__verbose:0|randomforestregressor__warm_start:False",RT,Memory,Memory,None,0.010636366543188535,3.2508745144732566e-05,0.0016153003725633218,-0.00038508662643357285,0.013590409835363682,0.0014641799453691596,0.004967088496976535
14,-0.023339579718903547,119,same,15,"memory:None|steps:[('standardscaler', StandardScaler()), ('randomforestregressor', RandomForestRegressor(max_depth=7, n_estimators=1000, n_jobs=1,
                      random_state=12345))]|verbose:False|standardscaler:StandardScaler()|randomforestregressor:RandomForestRegressor(max_depth=7, n_estimators=1000, n_jobs=1,
                      random_state=12345)|standardscaler__copy:True|standardscaler__with_mean:True|standardscaler__with_std:True|randomforestregressor__bootstrap:True|randomforestregressor__ccp_alpha:0.0|randomforestregressor__criterion:squared_error|randomforestregressor__max_depth:7|randomforestregressor__max_features:auto|randomforestregressor__max_leaf_nodes:None|randomforestregressor__max_samples:None|randomforestregressor__min_impurity_decrease:0.0|randomforestregressor__min_samples_leaf:1|randomforestregressor__min_samples_split:2|randomforestregressor__min_weight_fraction_leaf:0.0|randomforestregressor__n_estimators:1000|randomforestregressor__n_jobs:1|randomforestregressor__oob_score:False|randomforestregressor__random_state:12345|randomforestregressor__verbose:0|randomforestregressor__warm_start:False",RT,Memory,Memory,None,0.0007315303898975944,-0.006520290189414491,-0.0009190316442770463,0.003584586172390081,-0.016381910140149024,0.0035594947294511846,-0.010776797204224708
15,-0.007208667015307313,115,same,16,"memory:None|steps:[('standardscaler', StandardScaler()), ('randomforestregressor', RandomForestRegressor(max_depth=7, n_estimators=1000, n_jobs=1,
                      random_state=12345))]|verbose:False|standardscaler:StandardScaler()|randomforestregressor:RandomForestRegressor(max_depth=7, n_estimators=1000, n_jobs=1,
                      random_state=12345)|standardscaler__copy:True|standardscaler__with_mean:True|standardscaler__with_std:True|randomforestregressor__bootstrap:True|randomforestregressor__ccp_alpha:0.0|randomforestregressor__criterion:squared_error|randomforestregressor__max_depth:7|randomforestregressor__max_features:auto|randomforestregressor__max_leaf_nodes:None|randomforestregressor__max_samples:None|randomforestregressor__min_impurity_decrease:0.0|randomforestregressor__min_samples_leaf:1|randomforestregressor__min_samples_split:2|randomforestregressor__min_weight_fraction_leaf:0.0|randomforestregressor__n_estimators:1000|randomforestregressor__n_jobs:1|randomforestregressor__oob_score:False|randomforestregressor__random_state:12345|randomforestregressor__verbose:0|randomforestregressor__warm_start:False",RT,Memory,Memory,None,0.003501178720559128,-0.005177722036910248,-0.004053505726517681,-0.004784199979689352,0.0029358040344927617,-0.002671264248457916,0.003792904078912063
16,-0.008877699223088786,113,same,17,"memory:None|steps:[('standardscaler', StandardScaler()), ('randomforestregressor', RandomForestRegressor(max_depth=7, n_estimators=1000, n_jobs=1,
                      random_state=12345))]|verbose:False|standardscaler:StandardScaler()|randomforestregressor:RandomForestRegressor(max_depth=7, n_estimators=1000, n_jobs=1,
                      random_state=12345)|standardscaler__copy:True|standardscaler__with_mean:True|standardscaler__with_std:True|randomforestregressor__bootstrap:True|randomforestregressor__ccp_alpha:0.0|randomforestregressor__criterion:squared_error|randomforestregressor__max_depth:7|randomforestregressor__max_features:auto|randomforestregressor__max_leaf_nodes:None|randomforestregressor__max_samples:None|randomforestregressor__min_impurity_decrease:0.0|randomforestregressor__min_samples_leaf:1|randomforestregressor__min_samples_split:2|randomforestregressor__min_weight_fraction_leaf:0.0|randomforestregressor__n_estimators:1000|randomforestregressor__n_jobs:1|randomforestregressor__oob_score:False|randomforestregressor__random_state:12345|randomforestregressor__verbose:0|randomforestregressor__warm_start:False",RT,Memory,Memory,None,0.0014255130903396474,-0.0014451630505479152,-0.00020621049264941683,-0.00030054422067729016,-0.00955848150580656,0.002737240672341823,0.003471038647297231
17,0.013721917424000196,111,same,18,"memory:None|steps:[('standardscaler', StandardScaler()), ('randomforestregressor', RandomForestRegressor(max_depth=7, n_estimators=1000, n_jobs=1,
                      random_state=12345))]|verbose:False|standardscaler:StandardScaler()|randomforestregressor:RandomForestRegressor(max_depth=7, n_estimators=1000, n_jobs=1,
                      random_state=12345)|standardscaler__copy:True|standardscaler__with_mean:True|standardscaler__with_std:True|randomforestregressor__bootstrap:True|randomforestregressor__ccp_alpha:0.0|randomforestregressor__criterion:squared_error|randomforestregressor__max_depth:7|randomforestregressor__max_features:auto|randomforestregressor__max_leaf_nodes:None|randomforestregressor__max_samples:None|randomforestregressor__min_impurity_decrease:0.0|randomforestregressor__min_samples_leaf:1|randomforestregressor__min_samples_split:2|randomforestregressor__min_weight_fraction_leaf:0.0|randomforestregressor__n_estimators:1000|randomforestregressor__n_jobs:1|randomforestregressor__oob_score:False|randomforestregressor__random_state:12345|randomforestregressor__verbose:0|randomforestregressor__warm_start:False",RT,Memory,Memory,None,0.0004470501093042145,-0.0011694616638662446,-0.0011180349784319032,0.0016424793761927957,0.006414685495189132,0.004479163474791559,0.0021223779806718744
18,-0.037352548912082284,97,same,19,"memory:None|steps:[('standardscaler', StandardScaler()), ('randomforestregressor', RandomForestRegressor(max_depth=7, n_estimators=1000, n_jobs=1,
                      random_state=12345))]|verbose:False|standardscaler:StandardScaler()|randomforestregressor:RandomForestRegressor(max_depth=7, n_estimators=1000, n_jobs=1,
                      random_state=12345)|standardscaler__copy:True|standardscaler__with_mean:True|standardscaler__with_std:True|randomforestregressor__bootstrap:True|randomforestregressor__ccp_alpha:0.0|randomforestregressor__criterion:squared_error|randomforestregressor__max_depth:7|randomforestregressor__max_features:auto|randomforestregressor__max_leaf_nodes:None|randomforestregressor__max_samples:None|randomforestregressor__min_impurity_decrease:0.0|randomforestregressor__min_samples_leaf:1|randomforestregressor__min_samples_split:2|randomforestregressor__min_weight_fraction_leaf:0.0|randomforestregressor__n_estimators:1000|randomforestregressor__n_jobs:1|randomforestregressor__oob_score:False|randomforestregressor__random_state:12345|randomforestregressor__verbose:0|randomforestregressor__warm_start:False",RT,Memory,Memory,None,-0.006927273907762777,-0.013514284002456068,-0.0014317030599220626,-0.023075566742787323,-0.008620637967425316,0.0019686984946657216,0.0011351735442044042
19,-0.0009297229941842566,110,same,20,"memory:None|steps:[('standardscaler', StandardScaler()), ('randomforestregressor', RandomForestRegressor(max_depth=7, n_estimators=1000, n_jobs=1,
                      random_state=12345))]|verbose:False|standardscaler:StandardScaler()|randomforestregressor:RandomForestRegressor(max_depth=7, n_estimators=1000, n_jobs=1,
                      random_state=12345)|standardscaler__copy:True|standardscaler__with_mean:True|standardscaler__with_std:True|randomforestregressor__bootstrap:True|randomforestregressor__ccp_alpha:0.0|randomforestregressor__criterion:squared_error|randomforestregressor__max_depth:7|randomforestregressor__max_features:auto|randomforestregressor__max_leaf_nodes:None|randomforestregressor__max_samples:None|randomforestregressor__min_impurity_decrease:0.0|randomforestregressor__min_samples_leaf:1|randomforestregressor__min_samples_split:2|randomforestregressor__min_weight_fraction_leaf:0.0|randomforestregressor__n_estimators:1000|randomforestregressor__n_jobs:1|randomforestregressor__oob_score:False|randomforestregressor__random_state:12345|randomforestregressor__verbose:0|randomforestregressor__warm_start:False",RT,Memory,Memory,None,-0.016411841569654962,0.0028482944908834852,0.0020451015150052543,0.013874005153368474,-0.0015028959300027235,0.0072034373506687285,0.027002499860071437
20,-0.00667549797842204,111,same,21,"memory:None|steps:[('standardscaler', StandardScaler()), ('randomforestregressor', RandomForestRegressor(max_depth=7, n_jobs=1, random_state=12345))]|verbose:False|standardscaler:StandardScaler()|randomforestregressor:RandomForestRegressor(max_depth=7, n_jobs=1, random_state=12345)|standardscaler__copy:True|standardscaler__with_mean:True|standardscaler__with_std:True|randomforestregressor__bootstrap:True|randomforestregressor__ccp_alpha:0.0|randomforestregressor__criterion:squared_error|randomforestregressor__max_depth:7|randomforestregressor__max_features:auto|randomforestregressor__max_leaf_nodes:None|randomforestregressor__max_samples:None|randomforestregressor__min_impurity_decrease:0.0|randomforestregressor__min_samples_leaf:1|randomforestregressor__min_samples_split:2|randomforestregressor__min_weight_fraction_leaf:0.0|randomforestregressor__n_estimators:100|randomforestregressor__n_jobs:1|randomforestregressor__oob_score:False|randomforestregressor__random_state:12345|randomforestregressor__verbose:0|randomforestregressor__warm_start:False",RT,Memory,Memory,None,0.0011132510281653741,-0.0001733391920186067,0.00986210454134726,0.019889479508112685,-0.00407023001463862,-0.011054482217823413,-0.01649266124624742
21,-0.01854749060127081,118,same,22,"memory:None|steps:[('standardscaler', StandardScaler()), ('randomforestregressor', RandomForestRegressor(max_depth=7, n_jobs=1, random_state=12345))]|verbose:False|standardscaler:StandardScaler()|randomforestregressor:RandomForestRegressor(max_depth=7, n_jobs=1, random_state=12345)|standardscaler__copy:True|standardscaler__with_mean:True|standardscaler__with_std:True|randomforestregressor__bootstrap:True|randomforestregressor__ccp_alpha:0.0|randomforestregressor__criterion:squared_error|randomforestregressor__max_depth:7|randomforestregressor__max_features:auto|randomforestregressor__max_leaf_nodes:None|randomforestregressor__max_samples:None|randomforestregressor__min_impurity_decrease:0.0|randomforestregressor__min_samples_leaf:1|randomforestregressor__min_samples_split:2|randomforestregressor__min_weight_fraction_leaf:0.0|randomforestregressor__n_estimators:100|randomforestregressor__n_jobs:1|randomforestregressor__oob_score:False|randomforestregressor__random_state:12345|randomforestregressor__verbose:0|randomforestregressor__warm_start:False",RT,Memory,Memory,None,0.006593565626790277,-0.0018303336544940763,-0.011694631055309079,-0.0016139447842804966,-0.004456421044518511,-0.0012813931393512502,-0.0015812359048984702
22,0.009237307360882352,118,same,23,"memory:None|steps:[('standardscaler', StandardScaler()), ('randomforestregressor', RandomForestRegressor(max_depth=7, n_estimators=1000, n_jobs=1,
                      random_state=12345))]|verbose:False|standardscaler:StandardScaler()|randomforestregressor:RandomForestRegressor(max_depth=7, n_estimators=1000, n_jobs=1,
                      random_state=12345)|standardscaler__copy:True|standardscaler__with_mean:True|standardscaler__with_std:True|randomforestregressor__bootstrap:True|randomforestregressor__ccp_alpha:0.0|randomforestregressor__criterion:squared_error|randomforestregressor__max_depth:7|randomforestregressor__max_features:auto|randomforestregressor__max_leaf_nodes:None|randomforestregressor__max_samples:None|randomforestregressor__min_impurity_decrease:0.0|randomforestregressor__min_samples_leaf:1|randomforestregressor__min_samples_split:2|randomforestregressor__min_weight_fraction_leaf:0.0|randomforestregressor__n_estimators:1000|randomforestregressor__n_jobs:1|randomforestregressor__oob_score:False|randomforestregressor__random_state:12345|randomforestregressor__verbose:0|randomforestregressor__warm_start:False",RT,Memory,Memory,None,-0.0035841165047082457,0.0014127337673280672,-0.00042770893054819845,0.010718236158913808,0.010722364916684657,0.008874111152260777,0.007396535141585803
23,-0.004083465076435644,119,same,24,"memory:None|steps:[('standardscaler', StandardScaler()), ('randomforestregressor', RandomForestRegressor(max_depth=7, n_estimators=1000, n_jobs=1,
                      random_state=12345))]|verbose:False|standardscaler:StandardScaler()|randomforestregressor:RandomForestRegressor(max_depth=7, n_estimators=1000, n_jobs=1,
                      random_state=12345)|standardscaler__copy:True|standardscaler__with_mean:True|standardscaler__with_std:True|randomforestregressor__bootstrap:True|randomforestregressor__ccp_alpha:0.0|randomforestregressor__criterion:squared_error|randomforestregressor__max_depth:7|randomforestregressor__max_features:auto|randomforestregressor__max_leaf_nodes:None|randomforestregressor__max_samples:None|randomforestregressor__min_impurity_decrease:0.0|randomforestregressor__min_samples_leaf:1|randomforestregressor__min_samples_split:2|randomforestregressor__min_weight_fraction_leaf:0.0|randomforestregressor__n_estimators:1000|randomforestregressor__n_jobs:1|randomforestregressor__oob_score:False|randomforestregressor__random_state:12345|randomforestregressor__verbose:0|randomforestregressor__warm_start:False",RT,Memory,Memory,None,-0.003396579888203255,-0.0003879082552172619,-0.0012465213624740733,-0.0006458178130212211,-0.0007990752411145996,-0.0006275939801433595,0.004311347283916423
24,0.019539679020245893,119,same,25,"memory:None|steps:[('standardscaler', StandardScaler()), ('randomforestregressor', RandomForestRegressor(max_depth=7, n_estimators=1000, n_jobs=1,
                      random_state=12345))]|verbose:False|standardscaler:StandardScaler()|randomforestregressor:RandomForestRegressor(max_depth=7, n_estimators=1000, n_jobs=1,
                      random_state=12345)|standardscaler__copy:True|standardscaler__with_mean:True|standardscaler__with_std:True|randomforestregressor__bootstrap:True|randomforestregressor__ccp_alpha:0.0|randomforestregressor__criterion:squared_error|randomforestregressor__max_depth:7|randomforestregressor__max_features:auto|randomforestregressor__max_leaf_nodes:None|randomforestregressor__max_samples:None|randomforestregressor__min_impurity_decrease:0.0|randomforestregressor__min_samples_leaf:1|randomforestregressor__min_samples_split:2|randomforestregressor__min_weight_fraction_leaf:0.0|randomforestregressor__n_estimators:1000|randomforestregressor__n_jobs:1|randomforestregressor__oob_score:False|randomforestregressor__random_state:12345|randomforestregressor__verbose:0|randomforestregressor__warm_start:False",RT,Memory,Memory,None,0.005528677145422711,0.005955122280484582,0.0016746261462803336,0.0031013189141135154,0.014900624047721989,-0.006811306426676933,0.008779261392747918
25,-0.01595573625132718,119,same,26,"memory:None|steps:[('standardscaler', StandardScaler()), ('randomforestregressor', RandomForestRegressor(max_depth=7, n_estimators=1000, n_jobs=1,
                      random_state=12345))]|verbose:False|standardscaler:StandardScaler()|randomforestregressor:RandomForestRegressor(max_depth=7, n_estimators=1000, n_jobs=1,
                      random_state=12345)|standardscaler__copy:True|standardscaler__with_mean:True|standardscaler__with_std:True|randomforestregressor__bootstrap:True|randomforestregressor__ccp_alpha:0.0|randomforestregressor__criterion:squared_error|randomforestregressor__max_depth:7|randomforestregressor__max_features:auto|randomforestregressor__max_leaf_nodes:None|randomforestregressor__max_samples:None|randomforestregressor__min_impurity_decrease:0.0|randomforestregressor__min_samples_leaf:1|randomforestregressor__min_samples_split:2|randomforestregressor__min_weight_fraction_leaf:0.0|randomforestregressor__n_estimators:1000|randomforestregressor__n_jobs:1|randomforestregressor__oob_score:False|randomforestregressor__random_state:12345|randomforestregressor__verbose:0|randomforestregressor__warm_start:False",RT,Memory,Memory,None,0.0023544088784566595,0.01408469980054865,-0.001911094900468302,-0.000679846713438903,0.029309110596642717,0.018499273425116324,0.012911058727008706
26,-0.030181303899953216,117,same,27,"memory:None|steps:[('standardscaler', StandardScaler()), ('randomforestregressor', RandomForestRegressor(max_depth=7, n_estimators=1000, n_jobs=1,
                      random_state=12345))]|verbose:False|standardscaler:StandardScaler()|randomforestregressor:RandomForestRegressor(max_depth=7, n_estimators=1000, n_jobs=1,
                      random_state=12345)|standardscaler__copy:True|standardscaler__with_mean:True|standardscaler__with_std:True|randomforestregressor__bootstrap:True|randomforestregressor__ccp_alpha:0.0|randomforestregressor__criterion:squared_error|randomforestregressor__max_depth:7|randomforestregressor__max_features:auto|randomforestregressor__max_leaf_nodes:None|randomforestregressor__max_samples:None|randomforestregressor__min_impurity_decrease:0.0|randomforestregressor__min_samples_leaf:1|randomforestregressor__min_samples_split:2|randomforestregressor__min_weight_fraction_leaf:0.0|randomforestregressor__n_estimators:1000|randomforestregressor__n_jobs:1|randomforestregressor__oob_score:False|randomforestregressor__random_state:12345|randomforestregressor__verbose:0|randomforestregressor__warm_start:False",RT,Memory,Memory,None,-0.010765899905886566,0.021292718833635593,0.005369906229213095,-0.02126525535529411,0.0004916202732856423,-0.0018723931371269931,0.011026872778562513
27,-0.05563947039478134,111,same,28,"memory:None|steps:[('standardscaler', StandardScaler()), ('randomforestregressor', RandomForestRegressor(max_depth=7, n_jobs=1, random_state=12345))]|verbose:False|standardscaler:StandardScaler()|randomforestregressor:RandomForestRegressor(max_depth=7, n_jobs=1, random_state=12345)|standardscaler__copy:True|standardscaler__with_mean:True|standardscaler__with_std:True|randomforestregressor__bootstrap:True|randomforestregressor__ccp_alpha:0.0|randomforestregressor__criterion:squared_error|randomforestregressor__max_depth:7|randomforestregressor__max_features:auto|randomforestregressor__max_leaf_nodes:None|randomforestregressor__max_samples:None|randomforestregressor__min_impurity_decrease:0.0|randomforestregressor__min_samples_leaf:1|randomforestregressor__min_samples_split:2|randomforestregressor__min_weight_fraction_leaf:0.0|randomforestregressor__n_estimators:100|randomforestregressor__n_jobs:1|randomforestregressor__oob_score:False|randomforestregressor__random_state:12345|randomforestregressor__verbose:0|randomforestregressor__warm_start:False",RT,Memory,Memory,None,-0.004882421619355126,-0.012737334717960324,0.003068193238544925,-0.019955937193350426,0.009250492152587908,0.010432985429564435,-0.002767195772451192
28,-0.006427411838222374,116,same,29,"memory:None|steps:[('standardscaler', StandardScaler()), ('randomforestregressor', RandomForestRegressor(max_depth=7, n_estimators=1000, n_jobs=1,
                      random_state=12345))]|verbose:False|standardscaler:StandardScaler()|randomforestregressor:RandomForestRegressor(max_depth=7, n_estimators=1000, n_jobs=1,
                      random_state=12345)|standardscaler__copy:True|standardscaler__with_mean:True|standardscaler__with_std:True|randomforestregressor__bootstrap:True|randomforestregressor__ccp_alpha:0.0|randomforestregressor__criterion:squared_error|randomforestregressor__max_depth:7|randomforestregressor__max_features:auto|randomforestregressor__max_leaf_nodes:None|randomforestregressor__max_samples:None|randomforestregressor__min_impurity_decrease:0.0|randomforestregressor__min_samples_leaf:1|randomforestregressor__min_samples_split:2|randomforestregressor__min_weight_fraction_leaf:0.0|randomforestregressor__n_estimators:1000|randomforestregressor__n_jobs:1|randomforestregressor__oob_score:False|randomforestregressor__random_state:12345|randomforestregressor__verbose:0|randomforestregressor__warm_start:False",RT,Memory,Memory,None,0.0015057616299195774,-0.005399321697133574,-0.00020064108019091087,-0.008141779099760682,0.0019705031351763937,0.003869151517733327,9.10895666044853e-05
29,-0.007109656238170059,119,same,30,"memory:None|steps:[('standardscaler', StandardScaler()), ('randomforestregressor', RandomForestRegressor(max_depth=7, n_estimators=1000, n_jobs=1,
                      random_state=12345))]|verbose:False|standardscaler:StandardScaler()|randomforestregressor:RandomForestRegressor(max_depth=7, n_estimators=1000, n_jobs=1,
                      random_state=12345)|standardscaler__copy:True|standardscaler__with_mean:True|standardscaler__with_std:True|randomforestregressor__bootstrap:True|randomforestregressor__ccp_alpha:0.0|randomforestregressor__criterion:squared_error|randomforestregressor__max_depth:7|randomforestregressor__max_features:auto|randomforestregressor__max_leaf_nodes:None|randomforestregressor__max_samples:None|randomforestregressor__min_impurity_decrease:0.0|randomforestregressor__min_samples_leaf:1|randomforestregressor__min_samples_split:2|randomforestregressor__min_weight_fraction_leaf:0.0|randomforestregressor__n_estimators:1000|randomforestregressor__n_jobs:1|randomforestregressor__oob_score:False|randomforestregressor__random_state:12345|randomforestregressor__verbose:0|randomforestregressor__warm_start:False",RT,Memory,Memory,None,0.0018104243974549571,-0.0015085217014096264,-0.00016597926156047826,0.00760649878739863,-0.007222235509156105,0.011091200341941799,0.0013868180706149147
30,-0.06727543368307098,116,same,31,"memory:None|steps:[('standardscaler', StandardScaler()), ('randomforestregressor', RandomForestRegressor(max_depth=7, n_estimators=1000, n_jobs=1,
                      random_state=12345))]|verbose:False|standardscaler:StandardScaler()|randomforestregressor:RandomForestRegressor(max_depth=7, n_estimators=1000, n_jobs=1,
                      random_state=12345)|standardscaler__copy:True|standardscaler__with_mean:True|standardscaler__with_std:True|randomforestregressor__bootstrap:True|randomforestregressor__ccp_alpha:0.0|randomforestregressor__criterion:squared_error|randomforestregressor__max_depth:7|randomforestregressor__max_features:auto|randomforestregressor__max_leaf_nodes:None|randomforestregressor__max_samples:None|randomforestregressor__min_impurity_decrease:0.0|randomforestregressor__min_samples_leaf:1|randomforestregressor__min_samples_split:2|randomforestregressor__min_weight_fraction_leaf:0.0|randomforestregressor__n_estimators:1000|randomforestregressor__n_jobs:1|randomforestregressor__oob_score:False|randomforestregressor__random_state:12345|randomforestregressor__verbose:0|randomforestregressor__warm_start:False",RT,Memory,Memory,None,-0.0017043934426301365,-0.01029750200463142,0.00930340051430938,-0.036267611455700656,-0.023063541993689096,-0.031557497304185486,0.009023052695615253
31,-0.03589981557124955,119,same,32,"memory:None|steps:[('standardscaler', StandardScaler()), ('randomforestregressor', RandomForestRegressor(max_depth=7, n_jobs=1, random_state=12345))]|verbose:False|standardscaler:StandardScaler()|randomforestregressor:RandomForestRegressor(max_depth=7, n_jobs=1, random_state=12345)|standardscaler__copy:True|standardscaler__with_mean:True|standardscaler__with_std:True|randomforestregressor__bootstrap:True|randomforestregressor__ccp_alpha:0.0|randomforestregressor__criterion:squared_error|randomforestregressor__max_depth:7|randomforestregressor__max_features:auto|randomforestregressor__max_leaf_nodes:None|randomforestregressor__max_samples:None|randomforestregressor__min_impurity_decrease:0.0|randomforestregressor__min_samples_leaf:1|randomforestregressor__min_samples_split:2|randomforestregressor__min_weight_fraction_leaf:0.0|randomforestregressor__n_estimators:100|randomforestregressor__n_jobs:1|randomforestregressor__oob_score:False|randomforestregressor__random_state:12345|randomforestregressor__verbose:0|randomforestregressor__warm_start:False",RT,Memory,Memory,None,-0.004162421203527699,0.006018243819920954,-0.0033574580835115777,-0.002853958459084804,-0.0008679776205763545,-0.0022903242769710896,-0.026941648505027872
32,0.009988121192822219,119,same,33,"memory:None|steps:[('standardscaler', StandardScaler()), ('randomforestregressor', RandomForestRegressor(max_depth=7, n_estimators=1000, n_jobs=1,
                      random_state=12345))]|verbose:False|standardscaler:StandardScaler()|randomforestregressor:RandomForestRegressor(max_depth=7, n_estimators=1000, n_jobs=1,
                      random_state=12345)|standardscaler__copy:True|standardscaler__with_mean:True|standardscaler__with_std:True|randomforestregressor__bootstrap:True|randomforestregressor__ccp_alpha:0.0|randomforestregressor__criterion:squared_error|randomforestregressor__max_depth:7|randomforestregressor__max_features:auto|randomforestregressor__max_leaf_nodes:None|randomforestregressor__max_samples:None|randomforestregressor__min_impurity_decrease:0.0|randomforestregressor__min_samples_leaf:1|randomforestregressor__min_samples_split:2|randomforestregressor__min_weight_fraction_leaf:0.0|randomforestregressor__n_estimators:1000|randomforestregressor__n_jobs:1|randomforestregressor__oob_score:False|randomforestregressor__random_state:12345|randomforestregressor__verbose:0|randomforestregressor__warm_start:False",RT,Memory,Memory,None,0.003754067957023466,-0.0029998444271964074,-0.004199118708231664,0.006201145685359744,0.0029443442165299817,0.013308050239198278,0.0062081916133031045
33,-0.00781932480687364,115,same,34,"memory:None|steps:[('standardscaler', StandardScaler()), ('randomforestregressor', RandomForestRegressor(max_depth=7, n_estimators=1000, n_jobs=1,
                      random_state=12345))]|verbose:False|standardscaler:StandardScaler()|randomforestregressor:RandomForestRegressor(max_depth=7, n_estimators=1000, n_jobs=1,
                      random_state=12345)|standardscaler__copy:True|standardscaler__with_mean:True|standardscaler__with_std:True|randomforestregressor__bootstrap:True|randomforestregressor__ccp_alpha:0.0|randomforestregressor__criterion:squared_error|randomforestregressor__max_depth:7|randomforestregressor__max_features:auto|randomforestregressor__max_leaf_nodes:None|randomforestregressor__max_samples:None|randomforestregressor__min_impurity_decrease:0.0|randomforestregressor__min_samples_leaf:1|randomforestregressor__min_samples_split:2|randomforestregressor__min_weight_fraction_leaf:0.0|randomforestregressor__n_estimators:1000|randomforestregressor__n_jobs:1|randomforestregressor__oob_score:False|randomforestregressor__random_state:12345|randomforestregressor__verbose:0|randomforestregressor__warm_start:False",RT,Memory,Memory,None,-0.004914908257578521,-0.00990900644735595,0.0018288775064258188,-0.005306240262070605,-0.00028705614348982776,0.003995057333516771,-0.0022131260797668252
34,0.0129727746699686,119,same,35,"memory:None|steps:[('standardscaler', StandardScaler()), ('randomforestregressor', RandomForestRegressor(max_depth=7, n_estimators=1000, n_jobs=1,
                      random_state=12345))]|verbose:False|standardscaler:StandardScaler()|randomforestregressor:RandomForestRegressor(max_depth=7, n_estimators=1000, n_jobs=1,
                      random_state=12345)|standardscaler__copy:True|standardscaler__with_mean:True|standardscaler__with_std:True|randomforestregressor__bootstrap:True|randomforestregressor__ccp_alpha:0.0|randomforestregressor__criterion:squared_error|randomforestregressor__max_depth:7|randomforestregressor__max_features:auto|randomforestregressor__max_leaf_nodes:None|randomforestregressor__max_samples:None|randomforestregressor__min_impurity_decrease:0.0|randomforestregressor__min_samples_leaf:1|randomforestregressor__min_samples_split:2|randomforestregressor__min_weight_fraction_leaf:0.0|randomforestregressor__n_estimators:1000|randomforestregressor__n_jobs:1|randomforestregressor__oob_score:False|randomforestregressor__random_state:12345|randomforestregressor__verbose:0|randomforestregressor__warm_start:False",RT,Memory,Memory,None,0.008714324865490952,0.022138841653836526,0.01717611688512095,0.004945202708758289,0.012212332311777829,0.004713938353411074,0.007323084385620682
35,0.027738077170153086,118,same,36,"memory:None|steps:[('standardscaler', StandardScaler()), ('randomforestregressor', RandomForestRegressor(max_depth=7, n_estimators=1000, n_jobs=1,
                      random_state=12345))]|verbose:False|standardscaler:StandardScaler()|randomforestregressor:RandomForestRegressor(max_depth=7, n_estimators=1000, n_jobs=1,
                      random_state=12345)|standardscaler__copy:True|standardscaler__with_mean:True|standardscaler__with_std:True|randomforestregressor__bootstrap:True|randomforestregressor__ccp_alpha:0.0|randomforestregressor__criterion:squared_error|randomforestregressor__max_depth:7|randomforestregressor__max_features:auto|randomforestregressor__max_leaf_nodes:None|randomforestregressor__max_samples:None|randomforestregressor__min_impurity_decrease:0.0|randomforestregressor__min_samples_leaf:1|randomforestregressor__min_samples_split:2|randomforestregressor__min_weight_fraction_leaf:0.0|randomforestregressor__n_estimators:1000|randomforestregressor__n_jobs:1|randomforestregressor__oob_score:False|randomforestregressor__random_state:12345|randomforestregressor__verbose:0|randomforestregressor__warm_start:False",RT,Memory,Memory,None,-0.013188250407843683,-0.010585198386268969,0.004697881185157749,0.019233335299278065,0.004668827240425255,0.03430714811639155,0.008482757170385092
36,-0.014492784003916626,118,same,37,"memory:None|steps:[('standardscaler', StandardScaler()), ('randomforestregressor', RandomForestRegressor(max_depth=7, n_estimators=1000, n_jobs=1,
                      random_state=12345))]|verbose:False|standardscaler:StandardScaler()|randomforestregressor:RandomForestRegressor(max_depth=7, n_estimators=1000, n_jobs=1,
                      random_state=12345)|standardscaler__copy:True|standardscaler__with_mean:True|standardscaler__with_std:True|randomforestregressor__bootstrap:True|randomforestregressor__ccp_alpha:0.0|randomforestregressor__criterion:squared_error|randomforestregressor__max_depth:7|randomforestregressor__max_features:auto|randomforestregressor__max_leaf_nodes:None|randomforestregressor__max_samples:None|randomforestregressor__min_impurity_decrease:0.0|randomforestregressor__min_samples_leaf:1|randomforestregressor__min_samples_split:2|randomforestregressor__min_weight_fraction_leaf:0.0|randomforestregressor__n_estimators:1000|randomforestregressor__n_jobs:1|randomforestregressor__oob_score:False|randomforestregressor__random_state:12345|randomforestregressor__verbose:0|randomforestregressor__warm_start:False",RT,Memory,Memory,None,0.0011412240129264005,-0.002841506421609319,0.0019243690886602937,-0.002639754448974818,-0.0017756183467506404,-0.0022603360571474608,-0.008248420743032558
37,-0.02524071413851714,110,same,38,"memory:None|steps:[('standardscaler', StandardScaler()), ('randomforestregressor', RandomForestRegressor(max_depth=7, n_estimators=1000, n_jobs=1,
                      random_state=12345))]|verbose:False|standardscaler:StandardScaler()|randomforestregressor:RandomForestRegressor(max_depth=7, n_estimators=1000, n_jobs=1,
                      random_state=12345)|standardscaler__copy:True|standardscaler__with_mean:True|standardscaler__with_std:True|randomforestregressor__bootstrap:True|randomforestregressor__ccp_alpha:0.0|randomforestregressor__criterion:squared_error|randomforestregressor__max_depth:7|randomforestregressor__max_features:auto|randomforestregressor__max_leaf_nodes:None|randomforestregressor__max_samples:None|randomforestregressor__min_impurity_decrease:0.0|randomforestregressor__min_samples_leaf:1|randomforestregressor__min_samples_split:2|randomforestregressor__min_weight_fraction_leaf:0.0|randomforestregressor__n_estimators:1000|randomforestregressor__n_jobs:1|randomforestregressor__oob_score:False|randomforestregressor__random_state:12345|randomforestregressor__verbose:0|randomforestregressor__warm_start:False",RT,Memory,Memory,None,0.006252571027160325,0.010388167519413294,-0.004413845431078966,0.0021696472812435807,-0.006121697610935106,-0.013282872663665879,-0.003706958938731031
38,0.020662164902267022,118,same,39,"memory:None|steps:[('standardscaler', StandardScaler()), ('randomforestregressor', RandomForestRegressor(max_depth=7, n_estimators=1000, n_jobs=1,
                      random_state=12345))]|verbose:False|standardscaler:StandardScaler()|randomforestregressor:RandomForestRegressor(max_depth=7, n_estimators=1000, n_jobs=1,
                      random_state=12345)|standardscaler__copy:True|standardscaler__with_mean:True|standardscaler__with_std:True|randomforestregressor__bootstrap:True|randomforestregressor__ccp_alpha:0.0|randomforestregressor__criterion:squared_error|randomforestregressor__max_depth:7|randomforestregressor__max_features:auto|randomforestregressor__max_leaf_nodes:None|randomforestregressor__max_samples:None|randomforestregressor__min_impurity_decrease:0.0|randomforestregressor__min_samples_leaf:1|randomforestregressor__min_samples_split:2|randomforestregressor__min_weight_fraction_leaf:0.0|randomforestregressor__n_estimators:1000|randomforestregressor__n_jobs:1|randomforestregressor__oob_score:False|randomforestregressor__random_state:12345|randomforestregressor__verbose:0|randomforestregressor__warm_start:False",RT,Memory,Memory,None,-0.0016702689394328507,-0.0013406281531612497,0.00042093850622328957,0.005790994203117838,0.005981122246390513,0.007603373256953439,0.007507253561911065
39,-0.0014881744048309553,114,same,40,"memory:None|steps:[('standardscaler', StandardScaler()), ('randomforestregressor', RandomForestRegressor(max_depth=7, n_estimators=1000, n_jobs=1,
                      random_state=12345))]|verbose:False|standardscaler:StandardScaler()|randomforestregressor:RandomForestRegressor(max_depth=7, n_estimators=1000, n_jobs=1,
                      random_state=12345)|standardscaler__copy:True|standardscaler__with_mean:True|standardscaler__with_std:True|randomforestregressor__bootstrap:True|randomforestregressor__ccp_alpha:0.0|randomforestregressor__criterion:squared_error|randomforestregressor__max_depth:7|randomforestregressor__max_features:auto|randomforestregressor__max_leaf_nodes:None|randomforestregressor__max_samples:None|randomforestregressor__min_impurity_decrease:0.0|randomforestregressor__min_samples_leaf:1|randomforestregressor__min_samples_split:2|randomforestregressor__min_weight_fraction_leaf:0.0|randomforestregressor__n_estimators:1000|randomforestregressor__n_jobs:1|randomforestregressor__oob_score:False|randomforestregressor__random_state:12345|randomforestregressor__verbose:0|randomforestregressor__warm_start:False",RT,Memory,Memory,None,0.008084778374005498,0.0033580053013088974,-0.0029278148291544738,-0.0004787286741101182,0.010330338281872065,0.00153799665160963,-0.007510422043231202
40,-0.0358684867239758,113,same,41,"memory:None|steps:[('standardscaler', StandardScaler()), ('randomforestregressor', RandomForestRegressor(max_depth=7, n_estimators=1000, n_jobs=1,
                      random_state=12345))]|verbose:False|standardscaler:StandardScaler()|randomforestregressor:RandomForestRegressor(max_depth=7, n_estimators=1000, n_jobs=1,
                      random_state=12345)|standardscaler__copy:True|standardscaler__with_mean:True|standardscaler__with_std:True|randomforestregressor__bootstrap:True|randomforestregressor__ccp_alpha:0.0|randomforestregressor__criterion:squared_error|randomforestregressor__max_depth:7|randomforestregressor__max_features:auto|randomforestregressor__max_leaf_nodes:None|randomforestregressor__max_samples:None|randomforestregressor__min_impurity_decrease:0.0|randomforestregressor__min_samples_leaf:1|randomforestregressor__min_samples_split:2|randomforestregressor__min_weight_fraction_leaf:0.0|randomforestregressor__n_estimators:1000|randomforestregressor__n_jobs:1|randomforestregressor__oob_score:False|randomforestregressor__random_state:12345|randomforestregressor__verbose:0|randomforestregressor__warm_start:False",RT,Memory,Memory,None,-0.003225860362228561,0.0005274255006856964,-0.01118795519376663,0.0018452550899159537,0.0001155752604430127,-0.015319608339973234,-0.010027175752985151
41,-0.011758482485587196,100,same,42,"memory:None|steps:[('standardscaler', StandardScaler()), ('randomforestregressor', RandomForestRegressor(max_depth=7, n_estimators=1000, n_jobs=1,
                      random_state=12345))]|verbose:False|standardscaler:StandardScaler()|randomforestregressor:RandomForestRegressor(max_depth=7, n_estimators=1000, n_jobs=1,
                      random_state=12345)|standardscaler__copy:True|standardscaler__with_mean:True|standardscaler__with_std:True|randomforestregressor__bootstrap:True|randomforestregressor__ccp_alpha:0.0|randomforestregressor__criterion:squared_error|randomforestregressor__max_depth:7|randomforestregressor__max_features:auto|randomforestregressor__max_leaf_nodes:None|randomforestregressor__max_samples:None|randomforestregressor__min_impurity_decrease:0.0|randomforestregressor__min_samples_leaf:1|randomforestregressor__min_samples_split:2|randomforestregressor__min_weight_fraction_leaf:0.0|randomforestregressor__n_estimators:1000|randomforestregressor__n_jobs:1|randomforestregressor__oob_score:False|randomforestregressor__random_state:12345|randomforestregressor__verbose:0|randomforestregressor__warm_start:False",RT,Memory,Memory,None,0.005894982682483363,0.006281475996384955,-0.00287607104227372,0.002047411880668637,0.002706170252633289,-0.00260876508308141,-0.025612170403906
42,-0.0029195286287824196,118,same,43,"memory:None|steps:[('standardscaler', StandardScaler()), ('randomforestregressor', RandomForestRegressor(max_depth=7, n_estimators=1000, n_jobs=1,
                      random_state=12345))]|verbose:False|standardscaler:StandardScaler()|randomforestregressor:RandomForestRegressor(max_depth=7, n_estimators=1000, n_jobs=1,
                      random_state=12345)|standardscaler__copy:True|standardscaler__with_mean:True|standardscaler__with_std:True|randomforestregressor__bootstrap:True|randomforestregressor__ccp_alpha:0.0|randomforestregressor__criterion:squared_error|randomforestregressor__max_depth:7|randomforestregressor__max_features:auto|randomforestregressor__max_leaf_nodes:None|randomforestregressor__max_samples:None|randomforestregressor__min_impurity_decrease:0.0|randomforestregressor__min_samples_leaf:1|randomforestregressor__min_samples_split:2|randomforestregressor__min_weight_fraction_leaf:0.0|randomforestregressor__n_estimators:1000|randomforestregressor__n_jobs:1|randomforestregressor__oob_score:False|randomforestregressor__random_state:12345|randomforestregressor__verbose:0|randomforestregressor__warm_start:False",RT,Memory,Memory,None,0.009190583009221908,-0.0027524890940537226,0.005932236897208387,0.002876319301750385,0.003764605044868796,0.005811035355394845,0.0001931727149320439
43,-0.013758793835562111,117,same,44,"memory:None|steps:[('standardscaler', StandardScaler()), ('randomforestregressor', RandomForestRegressor(max_depth=7, n_estimators=1000, n_jobs=1,
                      random_state=12345))]|verbose:False|standardscaler:StandardScaler()|randomforestregressor:RandomForestRegressor(max_depth=7, n_estimators=1000, n_jobs=1,
                      random_state=12345)|standardscaler__copy:True|standardscaler__with_mean:True|standardscaler__with_std:True|randomforestregressor__bootstrap:True|randomforestregressor__ccp_alpha:0.0|randomforestregressor__criterion:squared_error|randomforestregressor__max_depth:7|randomforestregressor__max_features:auto|randomforestregressor__max_leaf_nodes:None|randomforestregressor__max_samples:None|randomforestregressor__min_impurity_decrease:0.0|randomforestregressor__min_samples_leaf:1|randomforestregressor__min_samples_split:2|randomforestregressor__min_weight_fraction_leaf:0.0|randomforestregressor__n_estimators:1000|randomforestregressor__n_jobs:1|randomforestregressor__oob_score:False|randomforestregressor__random_state:12345|randomforestregressor__verbose:0|randomforestregressor__warm_start:False",RT,Memory,Memory,None,-0.009850824608470221,-0.004071279507806125,-2.9171562406604678e-05,-0.0021299545951297015,-0.001894351573935782,0.005426317696791028,0.0047894722850987835
44,-0.018200544287796383,111,same,45,"memory:None|steps:[('standardscaler', StandardScaler()), ('randomforestregressor', RandomForestRegressor(max_depth=7, n_estimators=1000, n_jobs=1,
                      random_state=12345))]|verbose:False|standardscaler:StandardScaler()|randomforestregressor:RandomForestRegressor(max_depth=7, n_estimators=1000, n_jobs=1,
                      random_state=12345)|standardscaler__copy:True|standardscaler__with_mean:True|standardscaler__with_std:True|randomforestregressor__bootstrap:True|randomforestregressor__ccp_alpha:0.0|randomforestregressor__criterion:squared_error|randomforestregressor__max_depth:7|randomforestregressor__max_features:auto|randomforestregressor__max_leaf_nodes:None|randomforestregressor__max_samples:None|randomforestregressor__min_impurity_decrease:0.0|randomforestregressor__min_samples_leaf:1|randomforestregressor__min_samples_split:2|randomforestregressor__min_weight_fraction_leaf:0.0|randomforestregressor__n_estimators:1000|randomforestregressor__n_jobs:1|randomforestregressor__oob_score:False|randomforestregressor__random_state:12345|randomforestregressor__verbose:0|randomforestregressor__warm_start:False",RT,Memory,Memory,None,0.001009259880530644,0.004238800209576787,0.004704001367715938,-0.002377198850449469,0.009706459027938319,0.0007495848309071018,-0.0038925401592381005
45,0.007004950210500072,116,same,46,"memory:None|steps:[('standardscaler', StandardScaler()), ('randomforestregressor', RandomForestRegressor(max_depth=7, n_estimators=1000, n_jobs=1,
                      random_state=12345))]|verbose:False|standardscaler:StandardScaler()|randomforestregressor:RandomForestRegressor(max_depth=7, n_estimators=1000, n_jobs=1,
                      random_state=12345)|standardscaler__copy:True|standardscaler__with_mean:True|standardscaler__with_std:True|randomforestregressor__bootstrap:True|randomforestregressor__ccp_alpha:0.0|randomforestregressor__criterion:squared_error|randomforestregressor__max_depth:7|randomforestregressor__max_features:auto|randomforestregressor__max_leaf_nodes:None|randomforestregressor__max_samples:None|randomforestregressor__min_impurity_decrease:0.0|randomforestregressor__min_samples_leaf:1|randomforestregressor__min_samples_split:2|randomforestregressor__min_weight_fraction_leaf:0.0|randomforestregressor__n_estimators:1000|randomforestregressor__n_jobs:1|randomforestregressor__oob_score:False|randomforestregressor__random_state:12345|randomforestregressor__verbose:0|randomforestregressor__warm_start:False",RT,Memory,Memory,None,0.003797744358278088,-0.0031856132019760343,-0.005229895875721891,0.004208389481706076,0.013964338735177505,-0.005459732300749675,0.0069297569726739505
46,-0.005803435699161419,117,same,47,"memory:None|steps:[('standardscaler', StandardScaler()), ('randomforestregressor', RandomForestRegressor(max_depth=7, n_estimators=1000, n_jobs=1,
                      random_state=12345))]|verbose:False|standardscaler:StandardScaler()|randomforestregressor:RandomForestRegressor(max_depth=7, n_estimators=1000, n_jobs=1,
                      random_state=12345)|standardscaler__copy:True|standardscaler__with_mean:True|standardscaler__with_std:True|randomforestregressor__bootstrap:True|randomforestregressor__ccp_alpha:0.0|randomforestregressor__criterion:squared_error|randomforestregressor__max_depth:7|randomforestregressor__max_features:auto|randomforestregressor__max_leaf_nodes:None|randomforestregressor__max_samples:None|randomforestregressor__min_impurity_decrease:0.0|randomforestregressor__min_samples_leaf:1|randomforestregressor__min_samples_split:2|randomforestregressor__min_weight_fraction_leaf:0.0|randomforestregressor__n_estimators:1000|randomforestregressor__n_jobs:1|randomforestregressor__oob_score:False|randomforestregressor__random_state:12345|randomforestregressor__verbose:0|randomforestregressor__warm_start:False",RT,Memory,Memory,None,0.002807481376861487,0.0017802382622727376,0.0010148781005602458,-0.008776063615559692,-0.0016111848789393869,-0.0077039911577820195,0.00024825584395282707
47,-0.004040033473115212,106,same,48,"memory:None|steps:[('standardscaler', StandardScaler()), ('randomforestregressor', RandomForestRegressor(max_depth=7, n_estimators=1000, n_jobs=1,
                      random_state=12345))]|verbose:False|standardscaler:StandardScaler()|randomforestregressor:RandomForestRegressor(max_depth=7, n_estimators=1000, n_jobs=1,
                      random_state=12345)|standardscaler__copy:True|standardscaler__with_mean:True|standardscaler__with_std:True|randomforestregressor__bootstrap:True|randomforestregressor__ccp_alpha:0.0|randomforestregressor__criterion:squared_error|randomforestregressor__max_depth:7|randomforestregressor__max_features:auto|randomforestregressor__max_leaf_nodes:None|randomforestregressor__max_samples:None|randomforestregressor__min_impurity_decrease:0.0|randomforestregressor__min_samples_leaf:1|randomforestregressor__min_samples_split:2|randomforestregressor__min_weight_fraction_leaf:0.0|randomforestregressor__n_estimators:1000|randomforestregressor__n_jobs:1|randomforestregressor__oob_score:False|randomforestregressor__random_state:12345|randomforestregressor__verbose:0|randomforestregressor__warm_start:False",RT,Memory,Memory,None,-0.0010151456907002033,0.003262570367187534,0.0014172846431068642,-0.004744004246091715,0.009048158655168637,0.005674362166539248,0.006873343784195818
48,-0.0107091280488123,118,same,49,"memory:None|steps:[('standardscaler', StandardScaler()), ('randomforestregressor', RandomForestRegressor(max_depth=7, n_estimators=1000, n_jobs=1,
                      random_state=12345))]|verbose:False|standardscaler:StandardScaler()|randomforestregressor:RandomForestRegressor(max_depth=7, n_estimators=1000, n_jobs=1,
                      random_state=12345)|standardscaler__copy:True|standardscaler__with_mean:True|standardscaler__with_std:True|randomforestregressor__bootstrap:True|randomforestregressor__ccp_alpha:0.0|randomforestregressor__criterion:squared_error|randomforestregressor__max_depth:7|randomforestregressor__max_features:auto|randomforestregressor__max_leaf_nodes:None|randomforestregressor__max_samples:None|randomforestregressor__min_impurity_decrease:0.0|randomforestregressor__min_samples_leaf:1|randomforestregressor__min_samples_split:2|randomforestregressor__min_weight_fraction_leaf:0.0|randomforestregressor__n_estimators:1000|randomforestregressor__n_jobs:1|randomforestregressor__oob_score:False|randomforestregressor__random_state:12345|randomforestregressor__verbose:0|randomforestregressor__warm_start:False",RT,Memory,Memory,None,-0.0059192832889702895,0.007159465222935468,-0.010219227130327945,0.013030964747435725,0.018536833973093535,0.006171181979784901,0.0054936277907516205
49,-0.038133711160209804,119,same,50,"memory:None|steps:[('standardscaler', StandardScaler()), ('randomforestregressor', RandomForestRegressor(max_depth=7, n_estimators=10, n_jobs=1,
                      random_state=12345))]|verbose:False|standardscaler:StandardScaler()|randomforestregressor:RandomForestRegressor(max_depth=7, n_estimators=10, n_jobs=1,
                      random_state=12345)|standardscaler__copy:True|standardscaler__with_mean:True|standardscaler__with_std:True|randomforestregressor__bootstrap:True|randomforestregressor__ccp_alpha:0.0|randomforestregressor__criterion:squared_error|randomforestregressor__max_depth:7|randomforestregressor__max_features:auto|randomforestregressor__max_leaf_nodes:None|randomforestregressor__max_samples:None|randomforestregressor__min_impurity_decrease:0.0|randomforestregressor__min_samples_leaf:1|randomforestregressor__min_samples_split:2|randomforestregressor__min_weight_fraction_leaf:0.0|randomforestregressor__n_estimators:10|randomforestregressor__n_jobs:1|randomforestregressor__oob_score:False|randomforestregressor__random_state:12345|randomforestregressor__verbose:0|randomforestregressor__warm_start:False",RT,Memory,Memory,None,-0.009624873416811442,-0.009721623366451748,-0.017584546523534517,-0.01830014006530232,0.0037387547337759397,-0.010608926019959108,0.020468912923218195
50,-0.0024447781990548645,97,same,51,"memory:None|steps:[('standardscaler', StandardScaler()), ('randomforestregressor', RandomForestRegressor(max_depth=7, n_estimators=1000, n_jobs=1,
                      random_state=12345))]|verbose:False|standardscaler:StandardScaler()|randomforestregressor:RandomForestRegressor(max_depth=7, n_estimators=1000, n_jobs=1,
                      random_state=12345)|standardscaler__copy:True|standardscaler__with_mean:True|standardscaler__with_std:True|randomforestregressor__bootstrap:True|randomforestregressor__ccp_alpha:0.0|randomforestregressor__criterion:squared_error|randomforestregressor__max_depth:7|randomforestregressor__max_features:auto|randomforestregressor__max_leaf_nodes:None|randomforestregressor__max_samples:None|randomforestregressor__min_impurity_decrease:0.0|randomforestregressor__min_samples_leaf:1|randomforestregressor__min_samples_split:2|randomforestregressor__min_weight_fraction_leaf:0.0|randomforestregressor__n_estimators:1000|randomforestregressor__n_jobs:1|randomforestregressor__oob_score:False|randomforestregressor__random_state:12345|randomforestregressor__verbose:0|randomforestregressor__warm_start:False",RT,Memory,Memory,None,-0.001186938792257597,0.005513969276435393,-0.0021805497006454956,-0.006501074172791133,0.006592202420645732,0.0028715340911248167,0.005174956408135123
51,0.01815127363968627,118,same,52,"memory:None|steps:[('standardscaler', StandardScaler()), ('randomforestregressor', RandomForestRegressor(max_depth=7, n_estimators=1000, n_jobs=1,
                      random_state=12345))]|verbose:False|standardscaler:StandardScaler()|randomforestregressor:RandomForestRegressor(max_depth=7, n_estimators=1000, n_jobs=1,
                      random_state=12345)|standardscaler__copy:True|standardscaler__with_mean:True|standardscaler__with_std:True|randomforestregressor__bootstrap:True|randomforestregressor__ccp_alpha:0.0|randomforestregressor__criterion:squared_error|randomforestregressor__max_depth:7|randomforestregressor__max_features:auto|randomforestregressor__max_leaf_nodes:None|randomforestregressor__max_samples:None|randomforestregressor__min_impurity_decrease:0.0|randomforestregressor__min_samples_leaf:1|randomforestregressor__min_samples_split:2|randomforestregressor__min_weight_fraction_leaf:0.0|randomforestregressor__n_estimators:1000|randomforestregressor__n_jobs:1|randomforestregressor__oob_score:False|randomforestregressor__random_state:12345|randomforestregressor__verbose:0|randomforestregressor__warm_start:False",RT,Memory,Memory,None,0.00011221502336620227,0.003196366614097812,0.0005852748569025401,0.0005742815637092002,-0.00410020561183908,0.005029008150536507,0.013060608141580877
52,-0.029236488820360673,118,same,53,"memory:None|steps:[('standardscaler', StandardScaler()), ('randomforestregressor', RandomForestRegressor(max_depth=7, n_estimators=1000, n_jobs=1,
                      random_state=12345))]|verbose:False|standardscaler:StandardScaler()|randomforestregressor:RandomForestRegressor(max_depth=7, n_estimators=1000, n_jobs=1,
                      random_state=12345)|standardscaler__copy:True|standardscaler__with_mean:True|standardscaler__with_std:True|randomforestregressor__bootstrap:True|randomforestregressor__ccp_alpha:0.0|randomforestregressor__criterion:squared_error|randomforestregressor__max_depth:7|randomforestregressor__max_features:auto|randomforestregressor__max_leaf_nodes:None|randomforestregressor__max_samples:None|randomforestregressor__min_impurity_decrease:0.0|randomforestregressor__min_samples_leaf:1|randomforestregressor__min_samples_split:2|randomforestregressor__min_weight_fraction_leaf:0.0|randomforestregressor__n_estimators:1000|randomforestregressor__n_jobs:1|randomforestregressor__oob_score:False|randomforestregressor__random_state:12345|randomforestregressor__verbose:0|randomforestregressor__warm_start:False",RT,Memory,Memory,None,-0.007932897496590874,0.0004103324084679727,0.00230825124266274,0.0028245353671484176,-0.008157349241817258,-0.006942626260253659,-0.004898835385970868
53,0.021072562365516134,116,same,54,"memory:None|steps:[('standardscaler', StandardScaler()), ('randomforestregressor', RandomForestRegressor(max_depth=7, n_estimators=1000, n_jobs=1,
                      random_state=12345))]|verbose:False|standardscaler:StandardScaler()|randomforestregressor:RandomForestRegressor(max_depth=7, n_estimators=1000, n_jobs=1,
                      random_state=12345)|standardscaler__copy:True|standardscaler__with_mean:True|standardscaler__with_std:True|randomforestregressor__bootstrap:True|randomforestregressor__ccp_alpha:0.0|randomforestregressor__criterion:squared_error|randomforestregressor__max_depth:7|randomforestregressor__max_features:auto|randomforestregressor__max_leaf_nodes:None|randomforestregressor__max_samples:None|randomforestregressor__min_impurity_decrease:0.0|randomforestregressor__min_samples_leaf:1|randomforestregressor__min_samples_split:2|randomforestregressor__min_weight_fraction_leaf:0.0|randomforestregressor__n_estimators:1000|randomforestregressor__n_jobs:1|randomforestregressor__oob_score:False|randomforestregressor__random_state:12345|randomforestregressor__verbose:0|randomforestregressor__warm_start:False",RT,Memory,Memory,None,-0.006233125931049322,0.008197544540822799,-0.0006987953959227244,0.01190423413371664,0.012833648224496041,0.011174957446480093,0.012449637466946073
54,-0.02490173195939671,118,same,55,"memory:None|steps:[('standardscaler', StandardScaler()), ('randomforestregressor', RandomForestRegressor(max_depth=7, n_estimators=1000, n_jobs=1,
                      random_state=12345))]|verbose:False|standardscaler:StandardScaler()|randomforestregressor:RandomForestRegressor(max_depth=7, n_estimators=1000, n_jobs=1,
                      random_state=12345)|standardscaler__copy:True|standardscaler__with_mean:True|standardscaler__with_std:True|randomforestregressor__bootstrap:True|randomforestregressor__ccp_alpha:0.0|randomforestregressor__criterion:squared_error|randomforestregressor__max_depth:7|randomforestregressor__max_features:auto|randomforestregressor__max_leaf_nodes:None|randomforestregressor__max_samples:None|randomforestregressor__min_impurity_decrease:0.0|randomforestregressor__min_samples_leaf:1|randomforestregressor__min_samples_split:2|randomforestregressor__min_weight_fraction_leaf:0.0|randomforestregressor__n_estimators:1000|randomforestregressor__n_jobs:1|randomforestregressor__oob_score:False|randomforestregressor__random_state:12345|randomforestregressor__verbose:0|randomforestregressor__warm_start:False",RT,Memory,Memory,None,0.0016366126340239707,3.193267877406036e-05,-0.0026826140446923217,-0.0023077387574395925,0.0029845273939671734,0.0022570102639547507,-0.03016293309269056
