fold,score,r2,n_sample,source,sub_name,best_params,feature_type,source_data,target_data,features T-7,features T-6,features T-5,features T-4,features T-3,features T-2,features T-1
0,0.1480998810016557,0.1447467490340406,1593,same,1,"memory:None|steps:[('standardscaler', StandardScaler()), ('randomforestregressor', RandomForestRegressor(max_depth=7, n_estimators=1000, n_jobs=1,
                      random_state=12345))]|verbose:False|standardscaler:StandardScaler()|randomforestregressor:RandomForestRegressor(max_depth=7, n_estimators=1000, n_jobs=1,
                      random_state=12345)|standardscaler__copy:True|standardscaler__with_mean:True|standardscaler__with_std:True|randomforestregressor__bootstrap:True|randomforestregressor__ccp_alpha:0.0|randomforestregressor__criterion:squared_error|randomforestregressor__max_depth:7|randomforestregressor__max_features:auto|randomforestregressor__max_leaf_nodes:None|randomforestregressor__max_samples:None|randomforestregressor__min_impurity_decrease:0.0|randomforestregressor__min_samples_leaf:1|randomforestregressor__min_samples_split:2|randomforestregressor__min_weight_fraction_leaf:0.0|randomforestregressor__n_estimators:1000|randomforestregressor__n_jobs:1|randomforestregressor__oob_score:False|randomforestregressor__random_state:12345|randomforestregressor__verbose:0|randomforestregressor__warm_start:False",confidence,Perception,Perception,0.0016935363482815,0.0003914070314421,-0.0003605920197273,0.0030194894024243,0.0024846596805598,0.0312850524275084,0.1310311753200318
1,0.0664849398331155,0.0655531505973761,1593,same,2,"memory:None|steps:[('standardscaler', StandardScaler()), ('randomforestregressor', RandomForestRegressor(max_depth=7, n_estimators=1000, n_jobs=1,
                      random_state=12345))]|verbose:False|standardscaler:StandardScaler()|randomforestregressor:RandomForestRegressor(max_depth=7, n_estimators=1000, n_jobs=1,
                      random_state=12345)|standardscaler__copy:True|standardscaler__with_mean:True|standardscaler__with_std:True|randomforestregressor__bootstrap:True|randomforestregressor__ccp_alpha:0.0|randomforestregressor__criterion:squared_error|randomforestregressor__max_depth:7|randomforestregressor__max_features:auto|randomforestregressor__max_leaf_nodes:None|randomforestregressor__max_samples:None|randomforestregressor__min_impurity_decrease:0.0|randomforestregressor__min_samples_leaf:1|randomforestregressor__min_samples_split:2|randomforestregressor__min_weight_fraction_leaf:0.0|randomforestregressor__n_estimators:1000|randomforestregressor__n_jobs:1|randomforestregressor__oob_score:False|randomforestregressor__random_state:12345|randomforestregressor__verbose:0|randomforestregressor__warm_start:False",confidence,Perception,Perception,-0.000512670314829,-0.0001768412345425,-0.0013017367327798,0.0048273045775584,0.0029348515675284,0.0113485902160697,0.0538111152537692
2,0.1421418988606044,0.1408061135402212,1593,same,3,"memory:None|steps:[('standardscaler', StandardScaler()), ('randomforestregressor', RandomForestRegressor(max_depth=7, n_estimators=1000, n_jobs=1,
                      random_state=12345))]|verbose:False|standardscaler:StandardScaler()|randomforestregressor:RandomForestRegressor(max_depth=7, n_estimators=1000, n_jobs=1,
                      random_state=12345)|standardscaler__copy:True|standardscaler__with_mean:True|standardscaler__with_std:True|randomforestregressor__bootstrap:True|randomforestregressor__ccp_alpha:0.0|randomforestregressor__criterion:squared_error|randomforestregressor__max_depth:7|randomforestregressor__max_features:auto|randomforestregressor__max_leaf_nodes:None|randomforestregressor__max_samples:None|randomforestregressor__min_impurity_decrease:0.0|randomforestregressor__min_samples_leaf:1|randomforestregressor__min_samples_split:2|randomforestregressor__min_weight_fraction_leaf:0.0|randomforestregressor__n_estimators:1000|randomforestregressor__n_jobs:1|randomforestregressor__oob_score:False|randomforestregressor__random_state:12345|randomforestregressor__verbose:0|randomforestregressor__warm_start:False",confidence,Perception,Perception,-0.0035678738138477,0.0003511679420283,0.0011864024107754,-0.0029617577254627,0.0047192860753319,0.021052200812813,0.1440377779233558
3,0.1070998432901051,0.1038376056241611,1593,same,4,"memory:None|steps:[('standardscaler', StandardScaler()), ('randomforestregressor', RandomForestRegressor(max_depth=7, n_estimators=1000, n_jobs=1,
                      random_state=12345))]|verbose:False|standardscaler:StandardScaler()|randomforestregressor:RandomForestRegressor(max_depth=7, n_estimators=1000, n_jobs=1,
                      random_state=12345)|standardscaler__copy:True|standardscaler__with_mean:True|standardscaler__with_std:True|randomforestregressor__bootstrap:True|randomforestregressor__ccp_alpha:0.0|randomforestregressor__criterion:squared_error|randomforestregressor__max_depth:7|randomforestregressor__max_features:auto|randomforestregressor__max_leaf_nodes:None|randomforestregressor__max_samples:None|randomforestregressor__min_impurity_decrease:0.0|randomforestregressor__min_samples_leaf:1|randomforestregressor__min_samples_split:2|randomforestregressor__min_weight_fraction_leaf:0.0|randomforestregressor__n_estimators:1000|randomforestregressor__n_jobs:1|randomforestregressor__oob_score:False|randomforestregressor__random_state:12345|randomforestregressor__verbose:0|randomforestregressor__warm_start:False",confidence,Perception,Perception,-0.0032716719061067,-0.0089882212550254,-0.008095943913647,0.0025725605963827,-0.0072208060306815,0.0028204778717124,0.1636905289843536
4,-0.0471553997648686,-0.0561530194811401,1593,same,5,"memory:None|steps:[('standardscaler', StandardScaler()), ('randomforestregressor', RandomForestRegressor(max_depth=7, n_estimators=1000, n_jobs=1,
                      random_state=12345))]|verbose:False|standardscaler:StandardScaler()|randomforestregressor:RandomForestRegressor(max_depth=7, n_estimators=1000, n_jobs=1,
                      random_state=12345)|standardscaler__copy:True|standardscaler__with_mean:True|standardscaler__with_std:True|randomforestregressor__bootstrap:True|randomforestregressor__ccp_alpha:0.0|randomforestregressor__criterion:squared_error|randomforestregressor__max_depth:7|randomforestregressor__max_features:auto|randomforestregressor__max_leaf_nodes:None|randomforestregressor__max_samples:None|randomforestregressor__min_impurity_decrease:0.0|randomforestregressor__min_samples_leaf:1|randomforestregressor__min_samples_split:2|randomforestregressor__min_weight_fraction_leaf:0.0|randomforestregressor__n_estimators:1000|randomforestregressor__n_jobs:1|randomforestregressor__oob_score:False|randomforestregressor__random_state:12345|randomforestregressor__verbose:0|randomforestregressor__warm_start:False",confidence,Perception,Perception,0.0017327579475252,-0.0003809152596068,-0.0015455750239178,-0.001780743095756,0.0001118280098078,0.0149446296671877,0.0399584029256589
5,0.2046518903602614,-0.0072987856597699,1593,same,6,"memory:None|steps:[('standardscaler', StandardScaler()), ('randomforestregressor', RandomForestRegressor(max_depth=7, n_estimators=1000, n_jobs=1,
                      random_state=12345))]|verbose:False|standardscaler:StandardScaler()|randomforestregressor:RandomForestRegressor(max_depth=7, n_estimators=1000, n_jobs=1,
                      random_state=12345)|standardscaler__copy:True|standardscaler__with_mean:True|standardscaler__with_std:True|randomforestregressor__bootstrap:True|randomforestregressor__ccp_alpha:0.0|randomforestregressor__criterion:squared_error|randomforestregressor__max_depth:7|randomforestregressor__max_features:auto|randomforestregressor__max_leaf_nodes:None|randomforestregressor__max_samples:None|randomforestregressor__min_impurity_decrease:0.0|randomforestregressor__min_samples_leaf:1|randomforestregressor__min_samples_split:2|randomforestregressor__min_weight_fraction_leaf:0.0|randomforestregressor__n_estimators:1000|randomforestregressor__n_jobs:1|randomforestregressor__oob_score:False|randomforestregressor__random_state:12345|randomforestregressor__verbose:0|randomforestregressor__warm_start:False",confidence,Perception,Perception,0.011149569319178002,0.0199384652572877,0.0049128901898971,0.0299917954299121,0.0503259546635438,0.0245943974900442,0.1667833985850434
6,-0.0421456778134539,-0.04879740803648099,1593,same,7,"memory:None|steps:[('standardscaler', StandardScaler()), ('randomforestregressor', RandomForestRegressor(max_depth=7, n_jobs=1, random_state=12345))]|verbose:False|standardscaler:StandardScaler()|randomforestregressor:RandomForestRegressor(max_depth=7, n_jobs=1, random_state=12345)|standardscaler__copy:True|standardscaler__with_mean:True|standardscaler__with_std:True|randomforestregressor__bootstrap:True|randomforestregressor__ccp_alpha:0.0|randomforestregressor__criterion:squared_error|randomforestregressor__max_depth:7|randomforestregressor__max_features:auto|randomforestregressor__max_leaf_nodes:None|randomforestregressor__max_samples:None|randomforestregressor__min_impurity_decrease:0.0|randomforestregressor__min_samples_leaf:1|randomforestregressor__min_samples_split:2|randomforestregressor__min_weight_fraction_leaf:0.0|randomforestregressor__n_estimators:100|randomforestregressor__n_jobs:1|randomforestregressor__oob_score:False|randomforestregressor__random_state:12345|randomforestregressor__verbose:0|randomforestregressor__warm_start:False",confidence,Perception,Perception,-0.0102818022327114,0.0029067585356688,-0.0022300131495316,0.0007974977028061,0.0083385525569934,0.0006710581448263,0.0147976104904048
7,0.3382273358578728,0.3262774496124864,1593,same,8,"memory:None|steps:[('standardscaler', StandardScaler()), ('randomforestregressor', RandomForestRegressor(max_depth=7, n_estimators=1000, n_jobs=1,
                      random_state=12345))]|verbose:False|standardscaler:StandardScaler()|randomforestregressor:RandomForestRegressor(max_depth=7, n_estimators=1000, n_jobs=1,
                      random_state=12345)|standardscaler__copy:True|standardscaler__with_mean:True|standardscaler__with_std:True|randomforestregressor__bootstrap:True|randomforestregressor__ccp_alpha:0.0|randomforestregressor__criterion:squared_error|randomforestregressor__max_depth:7|randomforestregressor__max_features:auto|randomforestregressor__max_leaf_nodes:None|randomforestregressor__max_samples:None|randomforestregressor__min_impurity_decrease:0.0|randomforestregressor__min_samples_leaf:1|randomforestregressor__min_samples_split:2|randomforestregressor__min_weight_fraction_leaf:0.0|randomforestregressor__n_estimators:1000|randomforestregressor__n_jobs:1|randomforestregressor__oob_score:False|randomforestregressor__random_state:12345|randomforestregressor__verbose:0|randomforestregressor__warm_start:False",confidence,Perception,Perception,0.0038897051267392,0.0020240513708157,-0.0023944509110676,0.0077656975922773,0.0231952657838425,0.0355925711700687,0.2664811232849077
8,0.0758358690708155,-0.0970567887892503,1593,same,9,"memory:None|steps:[('standardscaler', StandardScaler()), ('randomforestregressor', RandomForestRegressor(max_depth=7, n_estimators=1000, n_jobs=1,
                      random_state=12345))]|verbose:False|standardscaler:StandardScaler()|randomforestregressor:RandomForestRegressor(max_depth=7, n_estimators=1000, n_jobs=1,
                      random_state=12345)|standardscaler__copy:True|standardscaler__with_mean:True|standardscaler__with_std:True|randomforestregressor__bootstrap:True|randomforestregressor__ccp_alpha:0.0|randomforestregressor__criterion:squared_error|randomforestregressor__max_depth:7|randomforestregressor__max_features:auto|randomforestregressor__max_leaf_nodes:None|randomforestregressor__max_samples:None|randomforestregressor__min_impurity_decrease:0.0|randomforestregressor__min_samples_leaf:1|randomforestregressor__min_samples_split:2|randomforestregressor__min_weight_fraction_leaf:0.0|randomforestregressor__n_estimators:1000|randomforestregressor__n_jobs:1|randomforestregressor__oob_score:False|randomforestregressor__random_state:12345|randomforestregressor__verbose:0|randomforestregressor__warm_start:False",confidence,Perception,Perception,-0.0006472322187303,0.0009036510104138,0.0124966161137652,0.0043639989953217,0.0048279010152946,0.0581039877200037,0.0582353111954509
9,0.0345543775223357,0.0272317387444122,1593,same,10,"memory:None|steps:[('standardscaler', StandardScaler()), ('randomforestregressor', RandomForestRegressor(max_depth=7, n_estimators=1000, n_jobs=1,
                      random_state=12345))]|verbose:False|standardscaler:StandardScaler()|randomforestregressor:RandomForestRegressor(max_depth=7, n_estimators=1000, n_jobs=1,
                      random_state=12345)|standardscaler__copy:True|standardscaler__with_mean:True|standardscaler__with_std:True|randomforestregressor__bootstrap:True|randomforestregressor__ccp_alpha:0.0|randomforestregressor__criterion:squared_error|randomforestregressor__max_depth:7|randomforestregressor__max_features:auto|randomforestregressor__max_leaf_nodes:None|randomforestregressor__max_samples:None|randomforestregressor__min_impurity_decrease:0.0|randomforestregressor__min_samples_leaf:1|randomforestregressor__min_samples_split:2|randomforestregressor__min_weight_fraction_leaf:0.0|randomforestregressor__n_estimators:1000|randomforestregressor__n_jobs:1|randomforestregressor__oob_score:False|randomforestregressor__random_state:12345|randomforestregressor__verbose:0|randomforestregressor__warm_start:False",confidence,Perception,Perception,-0.0023297748162038,0.0032805773036372,0.0056954528872289,0.0030842590209836,0.0053542204433038,0.0189868990499791,0.0806267041685538
10,-0.0035806097498889,-0.03212155858507,1593,same,11,"memory:None|steps:[('standardscaler', StandardScaler()), ('randomforestregressor', RandomForestRegressor(max_depth=7, n_estimators=1000, n_jobs=1,
                      random_state=12345))]|verbose:False|standardscaler:StandardScaler()|randomforestregressor:RandomForestRegressor(max_depth=7, n_estimators=1000, n_jobs=1,
                      random_state=12345)|standardscaler__copy:True|standardscaler__with_mean:True|standardscaler__with_std:True|randomforestregressor__bootstrap:True|randomforestregressor__ccp_alpha:0.0|randomforestregressor__criterion:squared_error|randomforestregressor__max_depth:7|randomforestregressor__max_features:auto|randomforestregressor__max_leaf_nodes:None|randomforestregressor__max_samples:None|randomforestregressor__min_impurity_decrease:0.0|randomforestregressor__min_samples_leaf:1|randomforestregressor__min_samples_split:2|randomforestregressor__min_weight_fraction_leaf:0.0|randomforestregressor__n_estimators:1000|randomforestregressor__n_jobs:1|randomforestregressor__oob_score:False|randomforestregressor__random_state:12345|randomforestregressor__verbose:0|randomforestregressor__warm_start:False",confidence,Perception,Perception,-0.0003580441749314,-0.0032520858233486,-0.0024604539299108,-0.0039733848439816,-0.008739527997014,0.0082138130893492,0.0970017188260047
11,0.2351362364922936,0.2350919297834979,1593,same,12,"memory:None|steps:[('standardscaler', StandardScaler()), ('randomforestregressor', RandomForestRegressor(max_depth=7, n_estimators=1000, n_jobs=1,
                      random_state=12345))]|verbose:False|standardscaler:StandardScaler()|randomforestregressor:RandomForestRegressor(max_depth=7, n_estimators=1000, n_jobs=1,
                      random_state=12345)|standardscaler__copy:True|standardscaler__with_mean:True|standardscaler__with_std:True|randomforestregressor__bootstrap:True|randomforestregressor__ccp_alpha:0.0|randomforestregressor__criterion:squared_error|randomforestregressor__max_depth:7|randomforestregressor__max_features:auto|randomforestregressor__max_leaf_nodes:None|randomforestregressor__max_samples:None|randomforestregressor__min_impurity_decrease:0.0|randomforestregressor__min_samples_leaf:1|randomforestregressor__min_samples_split:2|randomforestregressor__min_weight_fraction_leaf:0.0|randomforestregressor__n_estimators:1000|randomforestregressor__n_jobs:1|randomforestregressor__oob_score:False|randomforestregressor__random_state:12345|randomforestregressor__verbose:0|randomforestregressor__warm_start:False",confidence,Perception,Perception,0.0044347630969528,0.0048976350460411,0.0017108367939461,0.0041698261374163,0.0329239497797107,0.0433566753681868,0.1377364790526759
12,-0.0050453866111261,-0.0254164812269408,1593,same,13,"memory:None|steps:[('standardscaler', StandardScaler()), ('randomforestregressor', RandomForestRegressor(max_depth=7, n_estimators=1000, n_jobs=1,
                      random_state=12345))]|verbose:False|standardscaler:StandardScaler()|randomforestregressor:RandomForestRegressor(max_depth=7, n_estimators=1000, n_jobs=1,
                      random_state=12345)|standardscaler__copy:True|standardscaler__with_mean:True|standardscaler__with_std:True|randomforestregressor__bootstrap:True|randomforestregressor__ccp_alpha:0.0|randomforestregressor__criterion:squared_error|randomforestregressor__max_depth:7|randomforestregressor__max_features:auto|randomforestregressor__max_leaf_nodes:None|randomforestregressor__max_samples:None|randomforestregressor__min_impurity_decrease:0.0|randomforestregressor__min_samples_leaf:1|randomforestregressor__min_samples_split:2|randomforestregressor__min_weight_fraction_leaf:0.0|randomforestregressor__n_estimators:1000|randomforestregressor__n_jobs:1|randomforestregressor__oob_score:False|randomforestregressor__random_state:12345|randomforestregressor__verbose:0|randomforestregressor__warm_start:False",confidence,Perception,Perception,-0.0067492131174898,0.0036981761123620004,0.0007612179792675,-0.0114992842467788,-0.0002533678225409,-0.0047699108367738,0.0676145868506872
13,0.0654680892318809,0.0462977587343478,1593,same,14,"memory:None|steps:[('standardscaler', StandardScaler()), ('randomforestregressor', RandomForestRegressor(max_depth=7, n_estimators=1000, n_jobs=1,
                      random_state=12345))]|verbose:False|standardscaler:StandardScaler()|randomforestregressor:RandomForestRegressor(max_depth=7, n_estimators=1000, n_jobs=1,
                      random_state=12345)|standardscaler__copy:True|standardscaler__with_mean:True|standardscaler__with_std:True|randomforestregressor__bootstrap:True|randomforestregressor__ccp_alpha:0.0|randomforestregressor__criterion:squared_error|randomforestregressor__max_depth:7|randomforestregressor__max_features:auto|randomforestregressor__max_leaf_nodes:None|randomforestregressor__max_samples:None|randomforestregressor__min_impurity_decrease:0.0|randomforestregressor__min_samples_leaf:1|randomforestregressor__min_samples_split:2|randomforestregressor__min_weight_fraction_leaf:0.0|randomforestregressor__n_estimators:1000|randomforestregressor__n_jobs:1|randomforestregressor__oob_score:False|randomforestregressor__random_state:12345|randomforestregressor__verbose:0|randomforestregressor__warm_start:False",confidence,Perception,Perception,0.0022501336115752,-0.0028718273114799998,-0.0008464664697042,0.0035568194624967,-0.0014251236904393,0.0062693328859573,0.1501258394778547
14,0.2150907566983868,0.20911049872457102,1593,same,15,"memory:None|steps:[('standardscaler', StandardScaler()), ('randomforestregressor', RandomForestRegressor(max_depth=7, n_estimators=1000, n_jobs=1,
                      random_state=12345))]|verbose:False|standardscaler:StandardScaler()|randomforestregressor:RandomForestRegressor(max_depth=7, n_estimators=1000, n_jobs=1,
                      random_state=12345)|standardscaler__copy:True|standardscaler__with_mean:True|standardscaler__with_std:True|randomforestregressor__bootstrap:True|randomforestregressor__ccp_alpha:0.0|randomforestregressor__criterion:squared_error|randomforestregressor__max_depth:7|randomforestregressor__max_features:auto|randomforestregressor__max_leaf_nodes:None|randomforestregressor__max_samples:None|randomforestregressor__min_impurity_decrease:0.0|randomforestregressor__min_samples_leaf:1|randomforestregressor__min_samples_split:2|randomforestregressor__min_weight_fraction_leaf:0.0|randomforestregressor__n_estimators:1000|randomforestregressor__n_jobs:1|randomforestregressor__oob_score:False|randomforestregressor__random_state:12345|randomforestregressor__verbose:0|randomforestregressor__warm_start:False",confidence,Perception,Perception,0.0047665805946471,0.0014208141935805,0.0001879161541429,0.0028836872313436,0.0106600101559332,0.0252065572499375,0.1662610899280671
15,0.4040816388400692,0.3858788194075251,1593,same,16,"memory:None|steps:[('standardscaler', StandardScaler()), ('randomforestregressor', RandomForestRegressor(max_depth=7, n_estimators=1000, n_jobs=1,
                      random_state=12345))]|verbose:False|standardscaler:StandardScaler()|randomforestregressor:RandomForestRegressor(max_depth=7, n_estimators=1000, n_jobs=1,
                      random_state=12345)|standardscaler__copy:True|standardscaler__with_mean:True|standardscaler__with_std:True|randomforestregressor__bootstrap:True|randomforestregressor__ccp_alpha:0.0|randomforestregressor__criterion:squared_error|randomforestregressor__max_depth:7|randomforestregressor__max_features:auto|randomforestregressor__max_leaf_nodes:None|randomforestregressor__max_samples:None|randomforestregressor__min_impurity_decrease:0.0|randomforestregressor__min_samples_leaf:1|randomforestregressor__min_samples_split:2|randomforestregressor__min_weight_fraction_leaf:0.0|randomforestregressor__n_estimators:1000|randomforestregressor__n_jobs:1|randomforestregressor__oob_score:False|randomforestregressor__random_state:12345|randomforestregressor__verbose:0|randomforestregressor__warm_start:False",confidence,Perception,Perception,0.0054929212755956,0.0123387104478276,0.0005617811199345,0.0247846631025973,0.0324894150959376,0.0436773399815989,0.2795596117780833
16,0.0518084516506233,-0.0250930103834619,1593,same,17,"memory:None|steps:[('standardscaler', StandardScaler()), ('randomforestregressor', RandomForestRegressor(max_depth=7, n_estimators=1000, n_jobs=1,
                      random_state=12345))]|verbose:False|standardscaler:StandardScaler()|randomforestregressor:RandomForestRegressor(max_depth=7, n_estimators=1000, n_jobs=1,
                      random_state=12345)|standardscaler__copy:True|standardscaler__with_mean:True|standardscaler__with_std:True|randomforestregressor__bootstrap:True|randomforestregressor__ccp_alpha:0.0|randomforestregressor__criterion:squared_error|randomforestregressor__max_depth:7|randomforestregressor__max_features:auto|randomforestregressor__max_leaf_nodes:None|randomforestregressor__max_samples:None|randomforestregressor__min_impurity_decrease:0.0|randomforestregressor__min_samples_leaf:1|randomforestregressor__min_samples_split:2|randomforestregressor__min_weight_fraction_leaf:0.0|randomforestregressor__n_estimators:1000|randomforestregressor__n_jobs:1|randomforestregressor__oob_score:False|randomforestregressor__random_state:12345|randomforestregressor__verbose:0|randomforestregressor__warm_start:False",confidence,Perception,Perception,0.009141944753474001,0.0038985120324077,0.0098923605374384,0.0086191995228277,0.0014976453805089999,0.1609264342180558,0.0113541303653903
17,0.3030168114319507,0.2939933588803111,1593,same,18,"memory:None|steps:[('standardscaler', StandardScaler()), ('randomforestregressor', RandomForestRegressor(max_depth=7, n_estimators=1000, n_jobs=1,
                      random_state=12345))]|verbose:False|standardscaler:StandardScaler()|randomforestregressor:RandomForestRegressor(max_depth=7, n_estimators=1000, n_jobs=1,
                      random_state=12345)|standardscaler__copy:True|standardscaler__with_mean:True|standardscaler__with_std:True|randomforestregressor__bootstrap:True|randomforestregressor__ccp_alpha:0.0|randomforestregressor__criterion:squared_error|randomforestregressor__max_depth:7|randomforestregressor__max_features:auto|randomforestregressor__max_leaf_nodes:None|randomforestregressor__max_samples:None|randomforestregressor__min_impurity_decrease:0.0|randomforestregressor__min_samples_leaf:1|randomforestregressor__min_samples_split:2|randomforestregressor__min_weight_fraction_leaf:0.0|randomforestregressor__n_estimators:1000|randomforestregressor__n_jobs:1|randomforestregressor__oob_score:False|randomforestregressor__random_state:12345|randomforestregressor__verbose:0|randomforestregressor__warm_start:False",confidence,Perception,Perception,0.0034903003111785,0.003940213926099,-0.0022785245862092,0.0019451412933777,0.0324035160559182,0.0473898564147268,0.2131275733367988
18,0.1510216910954953,0.0673307419764708,1593,same,19,"memory:None|steps:[('standardscaler', StandardScaler()), ('randomforestregressor', RandomForestRegressor(max_depth=7, n_estimators=1000, n_jobs=1,
                      random_state=12345))]|verbose:False|standardscaler:StandardScaler()|randomforestregressor:RandomForestRegressor(max_depth=7, n_estimators=1000, n_jobs=1,
                      random_state=12345)|standardscaler__copy:True|standardscaler__with_mean:True|standardscaler__with_std:True|randomforestregressor__bootstrap:True|randomforestregressor__ccp_alpha:0.0|randomforestregressor__criterion:squared_error|randomforestregressor__max_depth:7|randomforestregressor__max_features:auto|randomforestregressor__max_leaf_nodes:None|randomforestregressor__max_samples:None|randomforestregressor__min_impurity_decrease:0.0|randomforestregressor__min_samples_leaf:1|randomforestregressor__min_samples_split:2|randomforestregressor__min_weight_fraction_leaf:0.0|randomforestregressor__n_estimators:1000|randomforestregressor__n_jobs:1|randomforestregressor__oob_score:False|randomforestregressor__random_state:12345|randomforestregressor__verbose:0|randomforestregressor__warm_start:False",confidence,Perception,Perception,0.0033593341791912,0.0048357134971359,0.0006950639296453,0.0230854866631352,0.0237526430773318,0.0062300930916577,0.1783654174481968
19,0.0269534858711336,0.0238985151407564,1593,same,20,"memory:None|steps:[('standardscaler', StandardScaler()), ('randomforestregressor', RandomForestRegressor(max_depth=7, n_estimators=1000, n_jobs=1,
                      random_state=12345))]|verbose:False|standardscaler:StandardScaler()|randomforestregressor:RandomForestRegressor(max_depth=7, n_estimators=1000, n_jobs=1,
                      random_state=12345)|standardscaler__copy:True|standardscaler__with_mean:True|standardscaler__with_std:True|randomforestregressor__bootstrap:True|randomforestregressor__ccp_alpha:0.0|randomforestregressor__criterion:squared_error|randomforestregressor__max_depth:7|randomforestregressor__max_features:auto|randomforestregressor__max_leaf_nodes:None|randomforestregressor__max_samples:None|randomforestregressor__min_impurity_decrease:0.0|randomforestregressor__min_samples_leaf:1|randomforestregressor__min_samples_split:2|randomforestregressor__min_weight_fraction_leaf:0.0|randomforestregressor__n_estimators:1000|randomforestregressor__n_jobs:1|randomforestregressor__oob_score:False|randomforestregressor__random_state:12345|randomforestregressor__verbose:0|randomforestregressor__warm_start:False",confidence,Perception,Perception,-0.009372782541271999,0.0018429579486449,0.0040133032535169,0.0084090475463274,0.0007156907852692,0.0084477081047098,0.0614435703483731
20,0.2707046614315906,0.2700939139497789,1593,same,21,"memory:None|steps:[('standardscaler', StandardScaler()), ('randomforestregressor', RandomForestRegressor(max_depth=7, n_estimators=1000, n_jobs=1,
                      random_state=12345))]|verbose:False|standardscaler:StandardScaler()|randomforestregressor:RandomForestRegressor(max_depth=7, n_estimators=1000, n_jobs=1,
                      random_state=12345)|standardscaler__copy:True|standardscaler__with_mean:True|standardscaler__with_std:True|randomforestregressor__bootstrap:True|randomforestregressor__ccp_alpha:0.0|randomforestregressor__criterion:squared_error|randomforestregressor__max_depth:7|randomforestregressor__max_features:auto|randomforestregressor__max_leaf_nodes:None|randomforestregressor__max_samples:None|randomforestregressor__min_impurity_decrease:0.0|randomforestregressor__min_samples_leaf:1|randomforestregressor__min_samples_split:2|randomforestregressor__min_weight_fraction_leaf:0.0|randomforestregressor__n_estimators:1000|randomforestregressor__n_jobs:1|randomforestregressor__oob_score:False|randomforestregressor__random_state:12345|randomforestregressor__verbose:0|randomforestregressor__warm_start:False",confidence,Perception,Perception,0.0051431755092798,0.0045502639932385,0.0023426419846766,0.0102748130251107,0.0068699544464093,0.0242392060786825,0.21261507032860896
21,0.1230861365232028,0.1125587047262538,1593,same,22,"memory:None|steps:[('standardscaler', StandardScaler()), ('randomforestregressor', RandomForestRegressor(max_depth=7, n_estimators=1000, n_jobs=1,
                      random_state=12345))]|verbose:False|standardscaler:StandardScaler()|randomforestregressor:RandomForestRegressor(max_depth=7, n_estimators=1000, n_jobs=1,
                      random_state=12345)|standardscaler__copy:True|standardscaler__with_mean:True|standardscaler__with_std:True|randomforestregressor__bootstrap:True|randomforestregressor__ccp_alpha:0.0|randomforestregressor__criterion:squared_error|randomforestregressor__max_depth:7|randomforestregressor__max_features:auto|randomforestregressor__max_leaf_nodes:None|randomforestregressor__max_samples:None|randomforestregressor__min_impurity_decrease:0.0|randomforestregressor__min_samples_leaf:1|randomforestregressor__min_samples_split:2|randomforestregressor__min_weight_fraction_leaf:0.0|randomforestregressor__n_estimators:1000|randomforestregressor__n_jobs:1|randomforestregressor__oob_score:False|randomforestregressor__random_state:12345|randomforestregressor__verbose:0|randomforestregressor__warm_start:False",confidence,Perception,Perception,0.0027207642744551,0.005846875017252,0.0023007695870943,0.0005284313226501,0.010208416442811,0.0147242935098035,0.1251011634600608
22,0.1284360938900498,0.1222414390080062,1593,same,23,"memory:None|steps:[('standardscaler', StandardScaler()), ('randomforestregressor', RandomForestRegressor(max_depth=7, n_jobs=1, random_state=12345))]|verbose:False|standardscaler:StandardScaler()|randomforestregressor:RandomForestRegressor(max_depth=7, n_jobs=1, random_state=12345)|standardscaler__copy:True|standardscaler__with_mean:True|standardscaler__with_std:True|randomforestregressor__bootstrap:True|randomforestregressor__ccp_alpha:0.0|randomforestregressor__criterion:squared_error|randomforestregressor__max_depth:7|randomforestregressor__max_features:auto|randomforestregressor__max_leaf_nodes:None|randomforestregressor__max_samples:None|randomforestregressor__min_impurity_decrease:0.0|randomforestregressor__min_samples_leaf:1|randomforestregressor__min_samples_split:2|randomforestregressor__min_weight_fraction_leaf:0.0|randomforestregressor__n_estimators:100|randomforestregressor__n_jobs:1|randomforestregressor__oob_score:False|randomforestregressor__random_state:12345|randomforestregressor__verbose:0|randomforestregressor__warm_start:False",confidence,Perception,Perception,-0.0052133380718891,-0.0039326374782097,0.0001083496898085,0.0046414615993227,0.0086166770706143,0.0262186812688062,0.0990197775858503
23,0.1241653317222911,0.1241647573736274,1593,same,24,"memory:None|steps:[('standardscaler', StandardScaler()), ('randomforestregressor', RandomForestRegressor(max_depth=7, n_estimators=1000, n_jobs=1,
                      random_state=12345))]|verbose:False|standardscaler:StandardScaler()|randomforestregressor:RandomForestRegressor(max_depth=7, n_estimators=1000, n_jobs=1,
                      random_state=12345)|standardscaler__copy:True|standardscaler__with_mean:True|standardscaler__with_std:True|randomforestregressor__bootstrap:True|randomforestregressor__ccp_alpha:0.0|randomforestregressor__criterion:squared_error|randomforestregressor__max_depth:7|randomforestregressor__max_features:auto|randomforestregressor__max_leaf_nodes:None|randomforestregressor__max_samples:None|randomforestregressor__min_impurity_decrease:0.0|randomforestregressor__min_samples_leaf:1|randomforestregressor__min_samples_split:2|randomforestregressor__min_weight_fraction_leaf:0.0|randomforestregressor__n_estimators:1000|randomforestregressor__n_jobs:1|randomforestregressor__oob_score:False|randomforestregressor__random_state:12345|randomforestregressor__verbose:0|randomforestregressor__warm_start:False",confidence,Perception,Perception,0.0035485429315771,-0.0032428322067214,-8.081516208768848e-06,0.0071115724276821,0.0089791023169817,0.0271210805229908,0.0896570129409633
24,0.2803336002559803,0.2197434106748331,1593,same,25,"memory:None|steps:[('standardscaler', StandardScaler()), ('randomforestregressor', RandomForestRegressor(max_depth=7, n_jobs=1, random_state=12345))]|verbose:False|standardscaler:StandardScaler()|randomforestregressor:RandomForestRegressor(max_depth=7, n_jobs=1, random_state=12345)|standardscaler__copy:True|standardscaler__with_mean:True|standardscaler__with_std:True|randomforestregressor__bootstrap:True|randomforestregressor__ccp_alpha:0.0|randomforestregressor__criterion:squared_error|randomforestregressor__max_depth:7|randomforestregressor__max_features:auto|randomforestregressor__max_leaf_nodes:None|randomforestregressor__max_samples:None|randomforestregressor__min_impurity_decrease:0.0|randomforestregressor__min_samples_leaf:1|randomforestregressor__min_samples_split:2|randomforestregressor__min_weight_fraction_leaf:0.0|randomforestregressor__n_estimators:100|randomforestregressor__n_jobs:1|randomforestregressor__oob_score:False|randomforestregressor__random_state:12345|randomforestregressor__verbose:0|randomforestregressor__warm_start:False",confidence,Perception,Perception,0.0068178505839272,0.0090055320691124,0.0033788013437206,0.0032034832607417,0.0188505142031593,0.0723584072769253,0.16633460980012196
25,0.302127904235464,0.2726021023551719,1593,same,26,"memory:None|steps:[('standardscaler', StandardScaler()), ('randomforestregressor', RandomForestRegressor(max_depth=7, n_estimators=1000, n_jobs=1,
                      random_state=12345))]|verbose:False|standardscaler:StandardScaler()|randomforestregressor:RandomForestRegressor(max_depth=7, n_estimators=1000, n_jobs=1,
                      random_state=12345)|standardscaler__copy:True|standardscaler__with_mean:True|standardscaler__with_std:True|randomforestregressor__bootstrap:True|randomforestregressor__ccp_alpha:0.0|randomforestregressor__criterion:squared_error|randomforestregressor__max_depth:7|randomforestregressor__max_features:auto|randomforestregressor__max_leaf_nodes:None|randomforestregressor__max_samples:None|randomforestregressor__min_impurity_decrease:0.0|randomforestregressor__min_samples_leaf:1|randomforestregressor__min_samples_split:2|randomforestregressor__min_weight_fraction_leaf:0.0|randomforestregressor__n_estimators:1000|randomforestregressor__n_jobs:1|randomforestregressor__oob_score:False|randomforestregressor__random_state:12345|randomforestregressor__verbose:0|randomforestregressor__warm_start:False",confidence,Perception,Perception,0.0067626948690519,0.0047593041584515,0.0050231259489072,0.0044225779050887,0.0137915111765065,0.0505967528554188,0.22200279155315197
26,0.0350714224193036,0.0304282530529607,1593,same,27,"memory:None|steps:[('standardscaler', StandardScaler()), ('randomforestregressor', RandomForestRegressor(max_depth=7, n_estimators=1000, n_jobs=1,
                      random_state=12345))]|verbose:False|standardscaler:StandardScaler()|randomforestregressor:RandomForestRegressor(max_depth=7, n_estimators=1000, n_jobs=1,
                      random_state=12345)|standardscaler__copy:True|standardscaler__with_mean:True|standardscaler__with_std:True|randomforestregressor__bootstrap:True|randomforestregressor__ccp_alpha:0.0|randomforestregressor__criterion:squared_error|randomforestregressor__max_depth:7|randomforestregressor__max_features:auto|randomforestregressor__max_leaf_nodes:None|randomforestregressor__max_samples:None|randomforestregressor__min_impurity_decrease:0.0|randomforestregressor__min_samples_leaf:1|randomforestregressor__min_samples_split:2|randomforestregressor__min_weight_fraction_leaf:0.0|randomforestregressor__n_estimators:1000|randomforestregressor__n_jobs:1|randomforestregressor__oob_score:False|randomforestregressor__random_state:12345|randomforestregressor__verbose:0|randomforestregressor__warm_start:False",confidence,Perception,Perception,0.0037315628510856,0.0040082596970927,0.0023216436369084,0.0036665326791958,-0.0033834255223898,0.0191427644152542,0.0332961441127057
27,0.09339799090789201,0.0894646957601091,1593,same,28,"memory:None|steps:[('standardscaler', StandardScaler()), ('randomforestregressor', RandomForestRegressor(max_depth=7, n_jobs=1, random_state=12345))]|verbose:False|standardscaler:StandardScaler()|randomforestregressor:RandomForestRegressor(max_depth=7, n_jobs=1, random_state=12345)|standardscaler__copy:True|standardscaler__with_mean:True|standardscaler__with_std:True|randomforestregressor__bootstrap:True|randomforestregressor__ccp_alpha:0.0|randomforestregressor__criterion:squared_error|randomforestregressor__max_depth:7|randomforestregressor__max_features:auto|randomforestregressor__max_leaf_nodes:None|randomforestregressor__max_samples:None|randomforestregressor__min_impurity_decrease:0.0|randomforestregressor__min_samples_leaf:1|randomforestregressor__min_samples_split:2|randomforestregressor__min_weight_fraction_leaf:0.0|randomforestregressor__n_estimators:100|randomforestregressor__n_jobs:1|randomforestregressor__oob_score:False|randomforestregressor__random_state:12345|randomforestregressor__verbose:0|randomforestregressor__warm_start:False",confidence,Perception,Perception,0.0009306181871817,0.0032142497055052,0.0007643980149724,0.0023987268053313,0.0094506208363122,0.0183856374152347,0.0699641510976271
28,0.1174207110397452,0.1163548517147584,1593,same,29,"memory:None|steps:[('standardscaler', StandardScaler()), ('randomforestregressor', RandomForestRegressor(max_depth=7, n_estimators=1000, n_jobs=1,
                      random_state=12345))]|verbose:False|standardscaler:StandardScaler()|randomforestregressor:RandomForestRegressor(max_depth=7, n_estimators=1000, n_jobs=1,
                      random_state=12345)|standardscaler__copy:True|standardscaler__with_mean:True|standardscaler__with_std:True|randomforestregressor__bootstrap:True|randomforestregressor__ccp_alpha:0.0|randomforestregressor__criterion:squared_error|randomforestregressor__max_depth:7|randomforestregressor__max_features:auto|randomforestregressor__max_leaf_nodes:None|randomforestregressor__max_samples:None|randomforestregressor__min_impurity_decrease:0.0|randomforestregressor__min_samples_leaf:1|randomforestregressor__min_samples_split:2|randomforestregressor__min_weight_fraction_leaf:0.0|randomforestregressor__n_estimators:1000|randomforestregressor__n_jobs:1|randomforestregressor__oob_score:False|randomforestregressor__random_state:12345|randomforestregressor__verbose:0|randomforestregressor__warm_start:False",confidence,Perception,Perception,0.0078864779053978,-0.0061529130209552,0.0009117814479337,0.0009519326577902,-0.0030063396530017,0.0123134626536511,0.1158424761620574
29,0.0593167510074307,0.0572719515365879,1593,same,30,"memory:None|steps:[('standardscaler', StandardScaler()), ('randomforestregressor', RandomForestRegressor(max_depth=7, n_jobs=1, random_state=12345))]|verbose:False|standardscaler:StandardScaler()|randomforestregressor:RandomForestRegressor(max_depth=7, n_jobs=1, random_state=12345)|standardscaler__copy:True|standardscaler__with_mean:True|standardscaler__with_std:True|randomforestregressor__bootstrap:True|randomforestregressor__ccp_alpha:0.0|randomforestregressor__criterion:squared_error|randomforestregressor__max_depth:7|randomforestregressor__max_features:auto|randomforestregressor__max_leaf_nodes:None|randomforestregressor__max_samples:None|randomforestregressor__min_impurity_decrease:0.0|randomforestregressor__min_samples_leaf:1|randomforestregressor__min_samples_split:2|randomforestregressor__min_weight_fraction_leaf:0.0|randomforestregressor__n_estimators:100|randomforestregressor__n_jobs:1|randomforestregressor__oob_score:False|randomforestregressor__random_state:12345|randomforestregressor__verbose:0|randomforestregressor__warm_start:False",confidence,Perception,Perception,-0.0074882030324248,-0.0057634783757579,-0.0034272893312815,-0.0032549049526671,0.0011639015227796,0.0125981832212814,0.1271356200914369
30,0.4608041906932557,-0.0036146513836234,1593,same,31,"memory:None|steps:[('standardscaler', StandardScaler()), ('randomforestregressor', RandomForestRegressor(max_depth=7, n_estimators=1000, n_jobs=1,
                      random_state=12345))]|verbose:False|standardscaler:StandardScaler()|randomforestregressor:RandomForestRegressor(max_depth=7, n_estimators=1000, n_jobs=1,
                      random_state=12345)|standardscaler__copy:True|standardscaler__with_mean:True|standardscaler__with_std:True|randomforestregressor__bootstrap:True|randomforestregressor__ccp_alpha:0.0|randomforestregressor__criterion:squared_error|randomforestregressor__max_depth:7|randomforestregressor__max_features:auto|randomforestregressor__max_leaf_nodes:None|randomforestregressor__max_samples:None|randomforestregressor__min_impurity_decrease:0.0|randomforestregressor__min_samples_leaf:1|randomforestregressor__min_samples_split:2|randomforestregressor__min_weight_fraction_leaf:0.0|randomforestregressor__n_estimators:1000|randomforestregressor__n_jobs:1|randomforestregressor__oob_score:False|randomforestregressor__random_state:12345|randomforestregressor__verbose:0|randomforestregressor__warm_start:False",confidence,Perception,Perception,0.0176692383657931,0.0211470944992778,0.0293575245754323,0.0326819532686026,0.0226093094643015,0.1126556467615649,0.1759208512771519
31,0.2663697010926376,0.1007693174555144,1593,same,32,"memory:None|steps:[('standardscaler', StandardScaler()), ('randomforestregressor', RandomForestRegressor(max_depth=7, n_estimators=1000, n_jobs=1,
                      random_state=12345))]|verbose:False|standardscaler:StandardScaler()|randomforestregressor:RandomForestRegressor(max_depth=7, n_estimators=1000, n_jobs=1,
                      random_state=12345)|standardscaler__copy:True|standardscaler__with_mean:True|standardscaler__with_std:True|randomforestregressor__bootstrap:True|randomforestregressor__ccp_alpha:0.0|randomforestregressor__criterion:squared_error|randomforestregressor__max_depth:7|randomforestregressor__max_features:auto|randomforestregressor__max_leaf_nodes:None|randomforestregressor__max_samples:None|randomforestregressor__min_impurity_decrease:0.0|randomforestregressor__min_samples_leaf:1|randomforestregressor__min_samples_split:2|randomforestregressor__min_weight_fraction_leaf:0.0|randomforestregressor__n_estimators:1000|randomforestregressor__n_jobs:1|randomforestregressor__oob_score:False|randomforestregressor__random_state:12345|randomforestregressor__verbose:0|randomforestregressor__warm_start:False",confidence,Perception,Perception,0.0092007032513778,0.0025101341811214,0.0078076205837945,0.041624415784331,0.0119319621089538,0.0455269970763434,0.2217579890441234
32,0.1598467457636581,0.15668132797839998,1593,same,33,"memory:None|steps:[('standardscaler', StandardScaler()), ('randomforestregressor', RandomForestRegressor(max_depth=7, n_estimators=1000, n_jobs=1,
                      random_state=12345))]|verbose:False|standardscaler:StandardScaler()|randomforestregressor:RandomForestRegressor(max_depth=7, n_estimators=1000, n_jobs=1,
                      random_state=12345)|standardscaler__copy:True|standardscaler__with_mean:True|standardscaler__with_std:True|randomforestregressor__bootstrap:True|randomforestregressor__ccp_alpha:0.0|randomforestregressor__criterion:squared_error|randomforestregressor__max_depth:7|randomforestregressor__max_features:auto|randomforestregressor__max_leaf_nodes:None|randomforestregressor__max_samples:None|randomforestregressor__min_impurity_decrease:0.0|randomforestregressor__min_samples_leaf:1|randomforestregressor__min_samples_split:2|randomforestregressor__min_weight_fraction_leaf:0.0|randomforestregressor__n_estimators:1000|randomforestregressor__n_jobs:1|randomforestregressor__oob_score:False|randomforestregressor__random_state:12345|randomforestregressor__verbose:0|randomforestregressor__warm_start:False",confidence,Perception,Perception,0.0009543056537543,-0.000208383818411,-0.0063650074859683,0.0213174619660938,0.0005587359193582,0.0258613228544615,0.1194140555667178
33,0.0666818550327555,0.0575302530013935,1593,same,34,"memory:None|steps:[('standardscaler', StandardScaler()), ('randomforestregressor', RandomForestRegressor(max_depth=7, n_estimators=1000, n_jobs=1,
                      random_state=12345))]|verbose:False|standardscaler:StandardScaler()|randomforestregressor:RandomForestRegressor(max_depth=7, n_estimators=1000, n_jobs=1,
                      random_state=12345)|standardscaler__copy:True|standardscaler__with_mean:True|standardscaler__with_std:True|randomforestregressor__bootstrap:True|randomforestregressor__ccp_alpha:0.0|randomforestregressor__criterion:squared_error|randomforestregressor__max_depth:7|randomforestregressor__max_features:auto|randomforestregressor__max_leaf_nodes:None|randomforestregressor__max_samples:None|randomforestregressor__min_impurity_decrease:0.0|randomforestregressor__min_samples_leaf:1|randomforestregressor__min_samples_split:2|randomforestregressor__min_weight_fraction_leaf:0.0|randomforestregressor__n_estimators:1000|randomforestregressor__n_jobs:1|randomforestregressor__oob_score:False|randomforestregressor__random_state:12345|randomforestregressor__verbose:0|randomforestregressor__warm_start:False",confidence,Perception,Perception,4.3259025418818106e-05,-0.0097574216018896,-0.0026460290613838,-0.0008940846344981,0.0013762951766232,0.0233971058121325,0.0806962499263835
34,0.0514683647644317,0.0226925245509755,1593,same,35,"memory:None|steps:[('standardscaler', StandardScaler()), ('randomforestregressor', RandomForestRegressor(max_depth=7, n_estimators=1000, n_jobs=1,
                      random_state=12345))]|verbose:False|standardscaler:StandardScaler()|randomforestregressor:RandomForestRegressor(max_depth=7, n_estimators=1000, n_jobs=1,
                      random_state=12345)|standardscaler__copy:True|standardscaler__with_mean:True|standardscaler__with_std:True|randomforestregressor__bootstrap:True|randomforestregressor__ccp_alpha:0.0|randomforestregressor__criterion:squared_error|randomforestregressor__max_depth:7|randomforestregressor__max_features:auto|randomforestregressor__max_leaf_nodes:None|randomforestregressor__max_samples:None|randomforestregressor__min_impurity_decrease:0.0|randomforestregressor__min_samples_leaf:1|randomforestregressor__min_samples_split:2|randomforestregressor__min_weight_fraction_leaf:0.0|randomforestregressor__n_estimators:1000|randomforestregressor__n_jobs:1|randomforestregressor__oob_score:False|randomforestregressor__random_state:12345|randomforestregressor__verbose:0|randomforestregressor__warm_start:False",confidence,Perception,Perception,0.0028063828418406,0.0118836389949536,0.0012474865978554,0.0001260089087682,0.0162502333521038,0.0094992727303129,0.0496876697439131
35,-0.0984020483606376,-0.1386442350183376,1593,same,36,"memory:None|steps:[('standardscaler', StandardScaler()), ('randomforestregressor', RandomForestRegressor(max_depth=7, n_estimators=1000, n_jobs=1,
                      random_state=12345))]|verbose:False|standardscaler:StandardScaler()|randomforestregressor:RandomForestRegressor(max_depth=7, n_estimators=1000, n_jobs=1,
                      random_state=12345)|standardscaler__copy:True|standardscaler__with_mean:True|standardscaler__with_std:True|randomforestregressor__bootstrap:True|randomforestregressor__ccp_alpha:0.0|randomforestregressor__criterion:squared_error|randomforestregressor__max_depth:7|randomforestregressor__max_features:auto|randomforestregressor__max_leaf_nodes:None|randomforestregressor__max_samples:None|randomforestregressor__min_impurity_decrease:0.0|randomforestregressor__min_samples_leaf:1|randomforestregressor__min_samples_split:2|randomforestregressor__min_weight_fraction_leaf:0.0|randomforestregressor__n_estimators:1000|randomforestregressor__n_jobs:1|randomforestregressor__oob_score:False|randomforestregressor__random_state:12345|randomforestregressor__verbose:0|randomforestregressor__warm_start:False",confidence,Perception,Perception,0.0034771032267029,0.0117343881139285,0.0028158376444269,0.012180456244652001,-0.0007931046399936,-0.0041023623197726,0.0455856075628779
36,0.0076688317133484,-0.0697342538959162,1593,same,37,"memory:None|steps:[('standardscaler', StandardScaler()), ('randomforestregressor', RandomForestRegressor(max_depth=7, n_estimators=1000, n_jobs=1,
                      random_state=12345))]|verbose:False|standardscaler:StandardScaler()|randomforestregressor:RandomForestRegressor(max_depth=7, n_estimators=1000, n_jobs=1,
                      random_state=12345)|standardscaler__copy:True|standardscaler__with_mean:True|standardscaler__with_std:True|randomforestregressor__bootstrap:True|randomforestregressor__ccp_alpha:0.0|randomforestregressor__criterion:squared_error|randomforestregressor__max_depth:7|randomforestregressor__max_features:auto|randomforestregressor__max_leaf_nodes:None|randomforestregressor__max_samples:None|randomforestregressor__min_impurity_decrease:0.0|randomforestregressor__min_samples_leaf:1|randomforestregressor__min_samples_split:2|randomforestregressor__min_weight_fraction_leaf:0.0|randomforestregressor__n_estimators:1000|randomforestregressor__n_jobs:1|randomforestregressor__oob_score:False|randomforestregressor__random_state:12345|randomforestregressor__verbose:0|randomforestregressor__warm_start:False",confidence,Perception,Perception,-0.0027639316458856,0.0032096478862082,-0.0040297984891245,-0.0077496020140342,0.0084627924386882,0.0203154185385091,0.1182329229577393
